Station Code,Water Quality,Locations,State Name,TEMPERATURE (degree Centigrade)-Minimum,TEMPERATURE (degree Centigrade)-Maximum,TEMPERATURE (degree Centigrade)-Mean,Dissolved Oxygen(D.O.) (mg/l)-Minimum,Dissolved Oxygen(D.O.) (mg/l)-Maximum,Dissolved Oxygen(D.O.) (mg/l)-Mean,pH-Minimum,pH-Maximum,pH-Mean,CONDUCTIVITY (µmhos/cm)-Minimum,CONDUCTIVITY (µmhos/cm)-Maximum,CONDUCTIVITY (µmhos/cm)-Mean,Biochemical oxygen demand (B.O.D.) (mg/l)-Minimum,Biochemical oxygen demand (B.O.D.) (mg/l)-Maximum,Biochemical oxygen demand (B.O.D.) (mg/l)-Mean,NITRATE- N (mg/l)-Minimum,NITRATE- N (mg/l)-Maximum,NITRATE- N (mg/l)-Mean,NITRITE-N (mg/l)-Minimum,NITRITE-N (mg/l)-Maximum,NITRITE-N (mg/l)-Mean,FECAL COLIFORM (MPN/100ml)-Minimum,FECAL COLIFORM (MPN/100ml)-Maximum,FECAL COLIFORM (MPN/100ml)-Mean,TOTAL COLIFORM (MPN/100ml)-Minimum,TOTAL COLIFORM (MPN/100ml)-Maximum,TOTAL COLIFORM (MPN/100ml)-Mean
15,GROUND WATER QUALITY OF ANDHRA PRADESH,WELL AT KUYYURA- A.P.,ANDHRA PRADESH,22,28,25,NA,NA,NA,6.9,7.3,7.1,164,191,178,0.5,0.5,0.5,0.1,0.4,0.3,0.1,0.1,0.1,1,2,2,16,260,138
16,GROUND WATER QUALITY OF ANDHRA PRADESH,WELL AT TADAVAI A.P.,ANDHRA PRADESH,22,26,24,NA,NA,NA,6.7,7.2,7,755,1039,897,0.4,1.2,0.8,1.3,7,4.2,0.1,0.1,0.1,1,2,2,8,20,14
26,GROUND WATER QUALITY OF ANDHRA PRADESH,WELL AT VIJAYWADA- A.P.,ANDHRA PRADESH,30,30,30,NA,NA,NA,7.4,7.4,7.4,1101,1101,1101,0.8,0.8,0.8,1.8,1.8,1.8,0.1,0.1,0.1,2,2,2,1100,1100,1100
27,GROUND WATER QUALITY OF ANDHRA PRADESH,WELL AT PEDDAVOORA- A.P.,ANDHRA PRADESH,22,22,22,NA,NA,NA,7.9,8,8,543,769,656,NA,NA,NA,1.5,1.5,1.5,NA,NA,NA,2,2,2,50,50,50
1791,GROUND WATER QUALITY OF ANDHRA PRADESH,B/W.- EAST OF SAICHERUVU-PAIDIPALLY (V)-WARANGAL DIST.,ANDHRA PRADESH,20,25,23,NA,NA,NA,7,7.1,7.1,900,1463,1182,0.3,0.3,0.3,9,12,10.5,0.1,0.1,0.1,2,40,21,24,800,412
1792,GROUND WATER QUALITY OF ANDHRA PRADESH,B/W -NEAR CKM COLLEGE -ENUMAMULA (V) -WARANGAL DIST.,ANDHRA PRADESH,20,25,23,NA,NA,NA,6.9,7,7,1778,3750,2764,0.3,0.5,0.4,8.4,10,9.2,0.1,0.1,0.1,1,2,2,2,78,40
1793,GROUND WATER QUALITY OF ANDHRA PRADESH,O/W - BHOOMAIAH NEAR ASHPONDSOF NTPC - KUNDANPALLY (V) - RAMAGUNDAM - KARIMNAGAR- A.P,ANDHRA PRADESH,20,28,24,NA,NA,NA,7.1,7.4,7.3,1350,1918,1634,0.4,0.5,0.45,2.7,6.1,4.4,0.1,0.1,0.1,2,2,2,60,104,82
1794,GROUND WATER QUALITY OF ANDHRA PRADESH,B/W - MANAKONDUR (V) - KARIMNAGAR DIST.- A.P,ANDHRA PRADESH,20,28,24,NA,NA,NA,7.1,7.4,7.3,778,800,789,0.2,0.5,0.35,8,8,8,0.1,0.1,0.1,2,2,2,20,24,22
1525,GROUND WATER QUALITY OF ANDHRA PRADESH,B/W - IDA - NEAR CHAITANYA CHLORIDES -PASHAMAYLAM - MEDAK,ANDHRA PRADESH,22,22,22,NA,NA,NA,7.4,7.7,7.6,645,1791,1218,NA,NA,NA,0.4,2.1,1.3,0.1,0.1,0.1,NA,NA,NA,NA,NA,NA
1811,GROUND WATER QUALITY OF ANDHRA PRADESH,B/W.- PRIMARY SCHOOL -RUDRAVELLI (V) - BIBINAGAR (M)- NALGONDA DIST.- A.P,ANDHRA PRADESH,21,21,21,NA,NA,NA,7.6,7.6,7.6,1211,1853,1532,NA,NA,NA,0.6,0.7,0.7,NA,NA,NA,NA,NA,NA,NA,NA,NA
1810,GROUND WATER QUALITY OF ANDHRA PRADESH,B/W - SRI RAMNAGAR COLONY- SAKKAR NAGAR- BODHAN- NIZAMABAD DIST.- A.P,ANDHRA PRADESH,22,28,25,NA,NA,NA,7.2,8.1,7.6,1108,1352,1197,NA,NA,NA,2.3,4.4,3.3,0.5,0.5,0.5,2,2,2,70,70,70
1513,GROUND WATER QUALITY OF ANDHRA PRADESH,B W.- KRISHNA MURTHY- D.NO.48-16-43 AUTONAGAR VIJJAYAWADA- KRISNA DIST.- A.P.,ANDHRA PRADESH,30,30,30,NA,NA,NA,7.5,7.5,7.5,1128,1128,1128,1,1,1,1.8,1.8,1.8,0.1,0.1,0.1,2,2,2,1100,1100,1100
1514,GROUND WATER QUALITY OF ANDHRA PRADESH,B/W.- VIJAY KUMAR AUTONAGARVIJAYAWADA- KRISHNA DIST.,ANDHRA PRADESH,30,30,30,NA,NA,NA,7.3,7.4,7.4,1287,1653,1470,0.8,0.8,0.8,1.7,20.7,11.2,0.1,0.1,0.1,2,2,2,1100,1100,1100
1515,GROUND WATER QUALITY OF ANDHRA PRADESH,B/W.- NAGARAM(V)- PALVONCHA- KHAMMAM DIST.- A.P.,ANDHRA PRADESH,25,29,27,NA,NA,NA,7.3,7.8,7.6,1684,2360,1925,1.4,3.6,2.2,0.3,17.3,9,0.1,0.1,0.1,2,4,2,800,1100,1040
1516,GROUND WATER QUALITY OF ANDHRA PRADESH,B W OF NAVLOK GARDENS NELLORE,ANDHRA PRADESH,29,32,31,NA,NA,NA,6.7,7.6,7.2,1241,2840,2041,1.8,4.2,3,0.6,11.5,6.1,0.1,0.1,0.1,2,2,2,1100,1100,1100
1517,GROUND WATER QUALITY OF ANDHRA PRADESH,B/W.- TUNGBHADRA RIVER NEAR KURNOOL- A.P.,ANDHRA PRADESH,24,26,25,NA,NA,NA,7.3,7.6,7.4,1492,1895,1650,1.3,2,1.6,2.6,14.5,7.4,0.1,0.1,0.1,2,4,3,4,14,11
1518,GROUND WATER QUALITY OF ANDHRA PRADESH,B/W.- NANDYAL- KURNOOL DIST.- A.P.,ANDHRA PRADESH,24,26,25,NA,NA,NA,7.4,7.9,7.7,1440,3840,2079,1,1.8,1.4,2.9,13.5,5.8,0.1,0.1,0.1,2,6,4,6,21,13
1519,GROUND WATER QUALITY OF ANDHRA PRADESH,B/W.- NAGIRI- CHITTOOR DIST.- A.P,ANDHRA PRADESH,19,26,25,NA,NA,NA,7.3,7.9,7.6,1063,2440,1784,1,2.4,1.6,0.4,25.3,7.9,0.1,0.1,0.1,2,110,16,6,1700,220
1520,GROUND WATER QUALITY OF ANDHRA PRADESH,B/W.- SWARNAMUKHI RIVER-SRIKALAHASTI- CHITTOOR DIST.,ANDHRA PRADESH,20,25,23,NA,NA,NA,7.6,8.3,7.8,625,1555,1160,1,3.2,2.1,0.4,13.8,6.4,0.1,0.1,0.1,2,140,38,6,1100,284
1521,GROUND WATER QUALITY OF ANDHRA PRADESH,O/W.- NEAR RAMA TEMPLE - WARD No.2 - MINDI - VISAKHAPATNAM- A.P,ANDHRA PRADESH,28,29,28,NA,NA,NA,7,7.4,7.2,3900,4700,4300,1,1.1,1.1,37.2,55.5,46.4,0.1,0.1,0.1,3,3,3,460,1100,780
1522,GROUND WATER QUALITY OF ANDHRA PRADESH,O/W.PEDDANUYYI - VIZIANAGARAM,ANDHRA PRADESH,28,35,31,NA,NA,NA,7.6,7.9,7.8,217,699,458,1,1,1,2.4,4.4,3.4,0.1,0.1,0.1,0,4,2,240,1100,670
1523,GROUND WATER QUALITY OF ANDHRA PRADESH,B/W.- NEAR M/S ANDHRA SUGARS LTD.- KOVVUR - W.G.DIST.,ANDHRA PRADESH,27,29,28,NA,NA,NA,7.8,7.8,7.8,212,213,213,1,1,1,0.3,0.6,0.5,NA,NA,NA,0,0,0,3,3,3
1524,GROUND WATER QUALITY OF ANDHRA PRADESH,O/W.-NEAR PARTAP NAGAR BRIIDGE -KAKINADA - E.G.DIST.- A.P,ANDHRA PRADESH,26,29,27,NA,NA,NA,7,7.9,7.5,2160,2640,2400,0.8,1,0.9,6.2,17.2,11.7,0.1,0.1,0.1,0,0,0,3,3,3
1533,GROUND WATER QUALITY OF ASSAM,DIGBOI- TINSUKIA DISTT.- ASSAM,ASSAM,25,29,27,NA,NA,NA,7,7.1,7.1,130,148,139,0.3,1,0.7,0.1,0.1,0.1,NA,NA,NA,0,0,0,1,1,1
1534,GROUND WATER QUALITY OF ASSAM,KARBI ANGLONG DISTT.- ASSAM,ASSAM,24,26,25,NA,NA,NA,6.7,6.9,6.8,315,334,325,1.8,3.5,2.7,0.1,0.1,0.1,NA,NA,NA,0,0,0,360,360,360
1535,GROUND WATER QUALITY OF ASSAM,SIBSAGAR - ASSAM,ASSAM,22,24,23,NA,NA,NA,5.9,6.6,6.3,220,239,230,1.8,4.8,3.3,0.1,0.1,0.1,NA,NA,NA,0,0,0,1,360,181
1536,GROUND WATER QUALITY OF ASSAM,SIBSAGAR- ASSAM,ASSAM,24,24,24,NA,NA,NA,6.2,6.2,6.2,280,280,280,5.6,5.6,5.6,0.1,0.1,0.1,NA,NA,NA,0,0,0,1,1,1
1537,GROUND WATER QUALITY OF ASSAM,(JORHAT- ASSAM,ASSAM,20,22,21,NA,NA,NA,6.4,6.9,6.7,145,154,150,2,2,2,0.2,0.3,0.25,NA,NA,NA,0,0,0,1,300,151
1538,GROUND WATER QUALITY OF ASSAM,SILCHAR- ASSAM,ASSAM,12,13,12,NA,NA,NA,5.2,5.8,5.5,102,114,108,0.8,4.9,2.9,0.1,5.2,2.65,NA,NA,NA,0,0,0,360,910,635
1539,GROUND WATER QUALITY OF ASSAM,BARPETA- ASSAM,ASSAM,27,28,27,NA,NA,NA,7.1,7.9,7.5,510,578,544,0.4,2.6,1.5,0.1,0.8,0.45,NA,NA,NA,0,360,180,1,2800,1401
1540,GROUND WATER QUALITY OF ASSAM,BONAIGAON- ASSAM,ASSAM,25,28,27,NA,NA,NA,6.1,7.1,6.6,295,304,300,1.2,1.7,1.5,5.1,11.8,8.45,NA,NA,NA,0,0,0,1,360,181
1541,GROUND WATER QUALITY OF ASSAM,GUWAHATI- ASSAM,ASSAM,20,27,24,NA,NA,NA,7.2,7.8,7.5,141,758,450,2.1,3.7,2.9,0.2,0.3,0.25,NA,NA,NA,0,0,0,1,1,1
1542,GROUND WATER QUALITY OF ASSAM,GUWAHATI- ASSAM,ASSAM,22,27,25,NA,NA,NA,6.8,6.8,6.8,850,1001,926,0.9,3,2,0.2,2.9,1.55,NA,NA,NA,0,0,0,360,360,360
2243,GROUND WATER QUALITY OF ASSAM,GROUND WATER FROM LEDO-MARGHERITA,ASSAM,18,26,22,NA,NA,NA,6,6.1,6.1,350,351,351,0.8,1,0.9,0.3,1.4,0.85,NA,NA,NA,0,0,0,1,1,1
2244,GROUND WATER QUALITY OF ASSAM,GROUND WATER FROM NAZIRA,ASSAM,21,24,23,NA,NA,NA,6.5,7.2,6.9,290,310,300,1.6,3,2.3,0.1,0.1,0.1,NA,NA,NA,0,0,0,1,300,151
2245,GROUND WATER QUALITY OF ASSAM,GROUND WATER FROM NUMALIGARH(NEAR NRL TE LABOR COLONY),ASSAM,20,20,20,NA,NA,NA,6.6,6.6,6.6,126,126,126,0.6,0.6,0.6,0.4,0.4,0.4,NA,NA,NA,0,0,0,1,1,1
2246,GROUND WATER QUALITY OF ASSAM,GROUND WATER FROMSEMENCHAPARI,ASSAM,17,23,20,NA,NA,NA,6.9,7.4,7.2,424,467,446,1.1,2.1,1.6,0.2,0.2,0.2,NA,NA,NA,0,0,0,1,1,1
2247,GROUND WATER QUALITY OF ASSAM,GROUND WATER FROM SILAPATHAR,ASSAM,17,23,20,NA,NA,NA,6.5,6.7,6.6,111,121,116,0.4,4.6,2.5,0.1,0.1,0.1,NA,NA,NA,0,0,0,1,1,1
2248,GROUND WATER QUALITY OF ASSAM,GROUND WATER FROM LAKHIMPURTOWN,ASSAM,17,23,20,NA,NA,NA,6.9,7.2,7.1,330,369,350,1.5,1.5,1.5,0.1,11.8,5.95,NA,NA,NA,0,0,0,1,1,1
2249,GROUND WATER QUALITY OF ASSAM,GROUND WATER FROM TEZPUR(MISSION CHARIALI),ASSAM,23,24,24,NA,NA,NA,6.8,7.5,7.2,120,136,128,0.7,1.3,1,0.1,0.6,0.35,NA,NA,NA,0,0,0,1,1,1
2250,GROUND WATER QUALITY OF ASSAM,GROUND WATER FROM NAGAON(PANIGAON),ASSAM,27,28,27,NA,NA,NA,6.5,7.2,6.9,410,503,457,1.8,2.3,2.1,0.1,0.1,0.1,NA,NA,NA,0,0,0,1,360,181
2251,GROUND WATER QUALITY OF ASSAM,GROUND WATER FROM JAGIROAD NRHPC EFFLUENT DISCHARGE POINT,ASSAM,25,28,27,NA,NA,NA,6.7,7.1,6.9,2350,2810,2580,0.8,3,1.9,0.1,1.4,0.75,NA,NA,NA,0,360,180,1,910,456
2252,GROUND WATER QUALITY OF ASSAM,GROUND WATER NR MSW DUMPING SITE AT GARCHUK-GUWAHATI,ASSAM,25,28,26,NA,NA,NA,6.5,7.1,6.8,280,2810,1545,0.7,3,1.9,0.1,1.5,0.8,NA,NA,NA,360,360,360,910,910,910
2253,GROUND WATER QUALITY OF ASSAM,GROUND WATER FROM NALBARI,ASSAM,20,26,23,NA,NA,NA,7.5,7.7,7.6,240,264,252,2.2,2.9,2.6,0.1,0.1,0.1,NA,NA,NA,0,0,0,1,1,1
2254,GROUND WATER QUALITY OF ASSAM,GROUND WATER FROM BARPETA ROAD(RLY STATION),ASSAM,25,27,26,NA,NA,NA,7.1,8.2,7.7,435,455,445,0.6,0.6,0.6,0.1,0.3,0.2,NA,NA,NA,0,730,365,1,1500,751
2255,GROUND WATER QUALITY OF ASSAM,GROUND WATER NEAR BPRL-DHALIGAON,ASSAM,25,29,27,NA,NA,NA,5.8,7.5,6.7,125,133,129,0.6,2.8,1.7,0.4,1.3,0.85,NA,NA,NA,0,0,0,1,300,151
2256,GROUND WATER QUALITY OF ASSAM,GROUND WATER FROM KOKRAJHAR DISTRICT (HS SCHOOL ),ASSAM,27,29,28,NA,NA,NA,6.1,7.9,7,450,482,466,0.9,1.5,1.2,0.1,0.1,0.1,NA,NA,NA,0,0,0,1,1,1
2257,GROUND WATER QUALITY OF ASSAM,GROUND WATER FROM DHUBRIDISTRICT (COLLEGE NAGAR ),ASSAM,28,30,29,NA,NA,NA,6.3,6.7,6.5,410,427,419,0.4,0.8,0.6,0.1,0.1,0.1,NA,NA,NA,0,0,0,1,1,1
2258,GROUND WATER QUALITY OF ASSAM,GROUND WATER FROM GOALPARA DIST.(GOALPARA COLLEGE ),ASSAM,23,25,24,NA,NA,NA,6.3,7.9,7.1,435,452,444,0.7,0.8,0.8,0.3,0.7,0.5,NA,NA,NA,0,0,0,1,360,181
2259,GROUND WATER QUALITY OF ASSAM,GROUND WATER FROM DIPHU (GOVT.COLLEGE),ASSAM,22,27,25,NA,NA,NA,6.6,7.4,7,1150,1291,1221,1,1.5,1.3,0.1,0.1,0.1,NA,NA,NA,0,0,0,360,910,635
2260,GROUND WATER QUALITY OF ASSAM,GROUND WATER FROM HAMREN,ASSAM,20,20,20,NA,NA,NA,6.5,6.5,6.5,121,121,121,1,1,1,0.1,0.1,0.1,NA,NA,NA,0,0,0,1,1,1
2261,GROUND WATER QUALITY OF ASSAM,GROUND WATER FROM HAFLONG,ASSAM,10,28,19,NA,NA,NA,7.1,7.3,7.2,170,179,175,1.6,2,1.8,0.1,0.1,0.1,NA,NA,NA,0,0,0,1,1,1
2262,GROUND WATER QUALITY OF ASSAM,GROUND WATER FROM KARIMGANJ(COLLEGE),ASSAM,11,11,11,NA,NA,NA,6.8,7.1,7,430,470,450,0.3,0.4,0.4,0.1,0.1,0.1,NA,NA,NA,0,0,0,1,1500,751
2263,GROUND WATER QUALITY OF ASSAM,GROUND WATER FROM HIALAKANDI (NEAR ASTC BUS STAND ),ASSAM,12,25,18,NA,NA,NA,6.2,8,7.1,320,335,328,1.4,1.7,1.6,0.1,0.1,0.1,NA,NA,NA,0,0,0,1,910,456
2264,GROUND WATER QUALITY OF ASSAM,GROUND WATER IN PANCHGRAMMARKET NEAR CACHAR PAPER MILL,ASSAM,12,27,19,NA,NA,NA,6.7,8.2,7.5,850,3940,2395,1.2,6.6,3.9,0.1,0.1,0.1,NA,NA,NA,0,0,0,360,730,545
2054,GROUND WATER QUALITY OF MIZORAM,RAMHLUM (NORTHERN PART),MIZORAM,18,23,20,NA,NA,NA,5.7,8,6.7,386,464,424,1.2,2.7,1.6,NA,NA,NA,0.1,0.2,0.2,NA,NA,NA,7,15,10
2055,GROUND WATER QUALITY OF MIZORAM,MISSION VENGTHLANG (SOUTHERN PART),MIZORAM,17,22,20,NA,NA,NA,6.1,6.9,6.5,428,720,594,1.4,2.1,1.7,NA,NA,NA,0.1,0.2,0.2,NA,NA,NA,7,19,13
1920,GROUND WATER QUALITY OF MANIPUR,KAKCHING (THOUBAL DIST.),MANIPUR,28,28,28,NA,NA,NA,7,7,7,115,115,115,NA,NA,NA,NA,NA,NA,NA,NA,NA,NA,NA,NA,NA,NA,NA
1921,GROUND WATER QUALITY OF MANIPUR,HEIROK (THOBAL DIST.),MANIPUR,21,21,21,NA,NA,NA,6.7,6.7,6.7,20,20,20,NA,NA,NA,NA,NA,NA,NA,NA,NA,NA,NA,NA,NA,NA,NA
1922,GROUND WATER QUALITY OF MANIPUR,LAMKA (CHURACHANDPUR DIST.),MANIPUR,28,28,28,NA,NA,NA,6.5,6.5,6.5,557,557,557,NA,NA,NA,NA,NA,NA,NA,NA,NA,NA,NA,NA,NA,NA,NA
1924,GROUND WATER QUALITY OF MANIPUR,PALLEL (CHANDEL DIST.),MANIPUR,29,29,29,NA,NA,NA,7.1,7.1,7.1,367,367,367,NA,NA,NA,NA,NA,NA,NA,NA,NA,NA,NA,NA,30,30,30
1405,GROUND WATER QUALITY OF TRIPURA,WELL AT UDAIPUR (TUBEWELL)-,TRIPURA,25,29,27,NA,NA,NA,6.7,7.6,7.3,460,562,523,NA,NA,NA,0.03,1.05,0.3,NA,NA,NA,0,0,0,0,0,0
1406,GROUND WATER QUALITY OF TRIPURA,WELL AROUND UDAIPUR (TUBEWELL)-TRIPURA,TRIPURA,25,28,27,NA,NA,NA,6.5,7.9,7.5,265,380,302,NA,NA,NA,0,0.12,0.05,NA,NA,NA,0,0,0,0,0,0
1730,GROUND WATER QUALITY OF TRIPURA,KUNJBAN- AGARTALA- TRIPURA,TRIPURA,26,28,27,NA,NA,NA,5.9,6.2,6.1,160,165,162,NA,NA,NA,0,0.04,0.02,NA,NA,NA,0,0,0,0,0,0
1731,GROUND WATER QUALITY OF TRIPURA,LANKAMURA- TRIPURA,TRIPURA,27,28,27,NA,NA,NA,6.9,7.3,7,55,62,58,NA,NA,NA,NA,NA,NA,NA,NA,NA,0,0,0,0,0,0
1732,GROUND WATER QUALITY OF TRIPURA,A.D.NAGAR- AGARTALA- TRIPURA,TRIPURA,26,27,27,NA,NA,NA,6.4,6.7,6.5,85,95,90,NA,NA,NA,0,0.02,0.01,NA,NA,NA,0,0,0,0,0,0
1733,GROUND WATER QUALITY OF TRIPURA,SHIBNAGAR- AGARTALA- TRIPURA,TRIPURA,27,28,27,NA,NA,NA,6.5,6.6,6.5,140,151,147,NA,NA,NA,NA,NA,NA,NA,NA,NA,0,0,0,0,0,0
1734,GROUND WATER QUALITY OF TRIPURA,GANDHIGRAM- AGARTALA- TRIPURA,TRIPURA,26,28,27,NA,NA,NA,6.9,7.1,7,145,152,148,NA,NA,NA,NA,NA,NA,NA,NA,NA,0,0,0,0,0,0
1620,GROUND WATER QUALITY OF CHATTISSGARH,AT RAIPUR REGION- CHHATISSGARH,CHHATTISGARH,23,28,26,NA,NA,NA,7.2,7.9,7.5,390,1243,891,0.4,0.8,0.7,2.6,33,17.8,0.1,2,1.45,NA,NA,NA,5,5,5
1621,GROUND WATER QUALITY OF CHATTISSGARH,AT RAIPUR REGION-CHHATISSGARH,CHHATTISGARH,20,32,27,NA,NA,NA,7.4,8.1,7.9,298,3560,2336,0.9,3.6,2.3,0.3,20,10.2,0.6,3,1.85,NA,NA,NA,4,50,22
1622,GROUND WATER QUALITY OF CHATTISSGARH,AT BILASPUR REGION,CHHATTISGARH,27,30,29,NA,NA,NA,7.9,8.3,8.1,1835,1976,1906,0.1,0.1,0.1,50,50,50,2.5,3.5,3,NA,NA,NA,NA,NA,NA
1623,GROUND WATER QUALITY OF CHATTISSGARH,AT BILASPUR REGION,CHHATTISGARH,28,30,29,NA,NA,NA,7.7,8.4,8.1,1872,2215,2044,0.1,0.1,0.1,50,50,50,2.1,3,2.55,NA,NA,NA,NA,NA,NA
1616,GROUND WATER QUALITY OF MADHYA PRADESH,OPEN WELL/TUBE WELL INDUSTRIAL AREA- GOVINDPURA- BHOPAL,MADHYA PRADESH,28,28,28,NA,NA,NA,7.5,7.5,7.5,450,450,450,2.1,2.1,2.1,NA,NA,NA,NA,NA,NA,NA,NA,NA,16,16,16
1617,GROUND WATER QUALITY OF MADHYA PRADESH,OPEN WELL/TUBE WELL INDL AREAMANDIDEEP- RAISEN,MADHYA PRADESH,27,27,27,NA,NA,NA,7.2,7.2,7.2,380,380,380,1.5,1.5,1.5,NA,NA,NA,NA,NA,NA,NA,NA,NA,17,17,17
1618,GROUND WATER QUALITY OF MADHYA PRADESH,GW SAMPLING AT TWO POINTS IN INDUSTRIAL AREA MALANPUR- M.P,MADHYA PRADESH,18,18,18,NA,NA,NA,6.9,7.4,7.2,620,1310,965,2.2,2.2,2.2,0.3,1.4,0.85,NA,NA,NA,NA,NA,NA,NA,NA,NA
1619,GROUND WATER QUALITY OF MADHYA PRADESH,GROUND WATER SAMPLING AT TWOPOINTS IN INDL AREA MALANPUR,MADHYA PRADESH,22,38,30,NA,NA,NA,7.4,7.6,7.5,1328,1650,1489,1,1,1,0.8,0.9,0.85,NA,NA,NA,NA,NA,NA,NA,NA,NA
1897,GROUND WATER QUALITY OF MADHYA PRADESH,TUBE WELL AT JAINABAD- NEAR TAPTI RIVER BRIDGE- PUMPING STN-BURHANPUR,MADHYA PRADESH,27,30,28,NA,NA,NA,7,8,7.5,898,1071,972,0.6,1,0.8,0.1,30,15.7,0.1,0.1,0.1,NA,NA,NA,2,10,7
2143,GROUND WATER QUALITY OF MADHYA PRADESH,KATHODA- JABALPUR,MADHYA PRADESH,24,24,24,NA,NA,NA,7.8,7.8,7.8,924,924,924,1.1,1.1,1.1,5.3,5.3,5.3,NA,NA,NA,NA,NA,NA,11,11,11
2144,GROUND WATER QUALITY OF MADHYA PRADESH,MADAI GRAM- JABALPUR,MADHYA PRADESH,24,24,24,NA,NA,NA,7.7,7.7,7.7,1024,1024,1024,1,1,1,8.2,8.2,8.2,NA,NA,NA,NA,NA,NA,11,11,11
2145,GROUND WATER QUALITY OF MADHYA PRADESH,MEHATWAS- NAGDA,MADHYA PRADESH,NA,NA,NA,NA,NA,NA,7.6,7.6,7.6,2650,2650,2650,NA,NA,NA,2.9,2.9,2.9,NA,NA,NA,NA,NA,NA,NA,NA,NA
2146,GROUND WATER QUALITY OF MADHYA PRADESH,BHAGATPURI VILLAGE- NAGDA,MADHYA PRADESH,NA,NA,NA,NA,NA,NA,7.6,7.6,7.6,1250,1250,1250,NA,NA,NA,2.7,2.7,2.7,NA,NA,NA,NA,NA,NA,NA,NA,NA
2147,GROUND WATER QUALITY OF MADHYA PRADESH,PRATAL NAGAR- DEWAS,MADHYA PRADESH,NA,NA,NA,NA,NA,NA,8,8,8,2490,2490,2490,NA,NA,NA,1.2,1.2,1.2,NA,NA,NA,NA,NA,NA,NA,NA,NA
2149,GROUND WATER QUALITY OF MADHYA PRADESH,CULVERT ON A.B.ROAD- MAKSI,MADHYA PRADESH,NA,NA,NA,NA,NA,NA,7.3,7.3,7.3,948,948,948,NA,NA,NA,4.3,4.3,4.3,NA,NA,NA,NA,NA,NA,NA,NA,NA
2150,GROUND WATER QUALITY OF MADHYA PRADESH,TRENCHING GROUND- NEAR GARDEN- DEV GURADIYA ROAD- INDORE,MADHYA PRADESH,26,30,28,NA,NA,NA,7,8,7.6,986,2084,1370,0.4,1.6,0.9,0.1,27.1,6.5,0.1,2.2,0.97,NA,NA,NA,4,8,5
2151,GROUND WATER QUALITY OF MADHYA PRADESH,TRENCHING GROUND IN THE PREMISES OF M/S RISHABH MASALA UDYOG- INDORE,MADHYA PRADESH,26,30,28,NA,NA,NA,7,8,7.6,82,3746,2295,1,2.8,1.4,0.1,4.9,2.9,0.1,2.4,0.87,NA,NA,NA,3,60,12
2152,GROUND WATER QUALITY OF MADHYA PRADESH,TRENCHING GROUND IN THE PREMISES OF M/S LAKHANI FOOT WEAR- INDORE,MADHYA PRADESH,26,30,28,NA,NA,NA,6.9,7.8,7.2,730,4772,2491,0.8,1.2,1,0.1,40,6.6,40,40,40,NA,NA,NA,2,9,5
1555,GROUND WATER QUALITY OF HIMACHAL PRADESH,AT KALA AMB- H.P,HIMACHAL PRADESH,26,27,27,NA,NA,NA,7.4,8.3,7.9,682,1750,1216,NA,NA,NA,NA,NA,NA,NA,NA,NA,9,9,9,11,11,11
1556,GROUND WATER QUALITY OF HIMACHAL PRADESH,AT PAONTA SAHIB- H.P,HIMACHAL PRADESH,23,25,24,NA,NA,NA,7.1,7.5,7.3,180,632,406,NA,NA,NA,NA,NA,NA,NA,NA,NA,7,7,7,10,10,10
1557,GROUND WATER QUALITY OF HIMACHAL PRADESH,AT PARWANOO- H.P,HIMACHAL PRADESH,22,24,23,NA,NA,NA,7.4,8.4,7.9,480,789,635,NA,NA,NA,NA,NA,NA,NA,NA,NA,NA,NA,NA,NA,NA,NA
1558,GROUND WATER QUALITY OF HIMACHAL PRADESH,AT BADDI- H.P,HIMACHAL PRADESH,26,27,26,NA,NA,NA,7.6,8.2,7.9,407,1620,1014,NA,NA,NA,NA,NA,NA,NA,NA,NA,NA,NA,NA,NA,NA,NA
1559,GROUND WATER QUALITY OF HIMACHAL PRADESH,AT BAROTIWALA- H.P,HIMACHAL PRADESH,26,27,26,NA,NA,NA,7.3,8.8,8.1,414,532,473,NA,NA,NA,NA,NA,NA,NA,NA,NA,NA,NA,NA,NA,NA,NA
1560,GROUND WATER QUALITY OF HIMACHAL PRADESH,AT NALAGARH- H.P,HIMACHAL PRADESH,26,27,26,NA,NA,NA,7.8,9.1,8.5,1196,1620,1408,NA,NA,NA,NA,NA,NA,NA,NA,NA,NA,NA,NA,NA,NA,NA
1561,GROUND WATER QUALITY OF HIMACHAL PRADESH,AT DAMTAL- H.P,HIMACHAL PRADESH,24,24,24,NA,NA,NA,6.7,6.7,6.7,950,950,950,0.2,0.2,0.2,NA,NA,NA,NA,NA,NA,9,9,9,110,110,110
1562,GROUND WATER QUALITY OF HIMACHAL PRADESH,AT UNA- H.P,HIMACHAL PRADESH,27,30,29,NA,NA,NA,7,7.3,7.2,937,1290,1114,NA,NA,NA,NA,NA,NA,NA,NA,NA,NA,NA,NA,NA,NA,NA
1872,GROUND WATER QUALITY OF HIMACHAL PRADESH,SHIMLA DOWNSTREAM OF MSW DUMPING SITE,HIMACHAL PRADESH,12,15,13,NA,NA,NA,7,8.5,7.8,404,609,507,8,11.2,9.6,NA,NA,NA,NA,NA,NA,90,90,90,350,350,350
1873,GROUND WATER QUALITY OF HIMACHAL PRADESH,DHARAMSHALA KANGRA DOWNSTREAM OF MSWDUMPING SITE,HIMACHAL PRADESH,16,20,18,NA,NA,NA,5.8,6,5.9,240,262,251,0.1,0.1,0.1,NA,NA,NA,NA,NA,NA,4,6,5,94,420,257
1875,GROUND WATER QUALITY OF HIMACHAL PRADESH,MANDI-DOWNSTREAM OF MSW DUMPING SITE,HIMACHAL PRADESH,13,19,16,NA,NA,NA,7.8,7.8,7.8,266,319,293,NA,NA,NA,NA,NA,NA,NA,NA,NA,NA,NA,NA,NA,NA,NA
1876,GROUND WATER QUALITY OF HIMACHAL PRADESH,PARWANOO INDUSTRIAL AREA,HIMACHAL PRADESH,20,21,21,NA,NA,NA,7.4,8.1,7.8,472,635,554,NA,NA,NA,NA,NA,NA,NA,NA,NA,NA,NA,NA,NA,NA,NA
1877,GROUND WATER QUALITY OF HIMACHAL PRADESH,BADDI INDUSTRIAL AREA,HIMACHAL PRADESH,25,25,25,NA,NA,NA,7.3,7.3,7.3,507,507,507,NA,NA,NA,NA,NA,NA,NA,NA,NA,NA,NA,NA,NA,NA,NA
1878,GROUND WATER QUALITY OF HIMACHAL PRADESH,BAROTIWALA INDUSTRIAL AREA,HIMACHAL PRADESH,26,27,26,NA,NA,NA,7.2,7.6,7.4,318,625,472,NA,NA,NA,NA,NA,NA,NA,NA,NA,NA,NA,NA,NA,NA,NA
1879,GROUND WATER QUALITY OF HIMACHAL PRADESH,NALAGARH INDUSTRIAL AREA,HIMACHAL PRADESH,26,28,27,NA,NA,NA,7.1,7.5,7.3,1277,1670,1474,NA,NA,NA,NA,NA,NA,NA,NA,NA,NA,NA,NA,NA,NA,NA
1880,GROUND WATER QUALITY OF HIMACHAL PRADESH,KALA AMB INDUSTRIAL AREA,HIMACHAL PRADESH,25,27,26,NA,NA,NA,7.3,7.5,7.4,520,674,597,NA,NA,NA,NA,NA,NA,NA,NA,NA,8,8,8,10,10,10
1881,GROUND WATER QUALITY OF HIMACHAL PRADESH,PAONTA SAHIB INDUSTRIAL AREA,HIMACHAL PRADESH,23,25,24,NA,NA,NA,7.1,7.2,7.2,548,735,642,NA,NA,NA,NA,NA,NA,NA,NA,NA,7,7,7,12,12,12
1882,GROUND WATER QUALITY OF HIMACHAL PRADESH,MEHATPUR INDUSTRIAL AREA,HIMACHAL PRADESH,26,26,26,NA,NA,NA,7.8,7.9,7.9,611,828,720,NA,NA,NA,NA,NA,NA,NA,NA,NA,NA,NA,NA,NA,NA,NA
1883,GROUND WATER QUALITY OF HIMACHAL PRADESH,UNA INDUSTRIAL AREA,HIMACHAL PRADESH,26,26,26,NA,NA,NA,7.6,8.2,7.9,504,776,640,NA,NA,NA,NA,NA,NA,NA,NA,NA,NA,NA,NA,NA,NA,NA
2039,GROUND WATER QUALITY OF CHANDIGARH,SECTOR 15,CHANDIGARH,24,25,25,NA,NA,NA,6.9,7.6,7.3,844,1011,928,0.1,0.1,0.1,7.8,8.2,8,NA,NA,NA,NA,NA,NA,NA,NA,NA
2040,GROUND WATER QUALITY OF CHANDIGARH,SECTOR  22,CHANDIGARH,24,25,25,NA,NA,NA,6.9,7.4,7.2,871,973,922,0.6,0.7,0.7,7,9.1,8.05,NA,NA,NA,NA,NA,NA,NA,NA,NA
2041,GROUND WATER QUALITY OF CHANDIGARH,SECTOR  34,CHANDIGARH,NA,NA,NA,NA,NA,NA,NA,NA,NA,NA,NA,NA,NA,NA,NA,NA,NA,NA,NA,NA,NA,NA,NA,NA,NA,NA,NA
2042,GROUND WATER QUALITY OF CHANDIGARH,SECTOR 47,CHANDIGARH,24,24,24,NA,NA,NA,7.3,7.9,7.6,630,752,691,0.1,0.4,0.3,6.3,7.8,7.05,NA,NA,NA,NA,NA,NA,NA,NA,NA
2043,GROUND WATER QUALITY OF CHANDIGARH,PALSORA VILLAGE,CHANDIGARH,24,25,25,NA,NA,NA,6.9,7.5,7.2,833,940,887,0.2,0.3,0.3,6.4,7.3,6.85,NA,NA,NA,NA,NA,NA,NA,NA,NA
2044,GROUND WATER QUALITY OF CHANDIGARH,DHANAS VILLAGE,CHANDIGARH,24,25,24,NA,NA,NA,6.9,7.2,7.1,966,1104,1058,0.4,0.4,0.4,8.9,9.3,9.17,NA,NA,NA,NA,NA,NA,NA,NA,NA
2045,GROUND WATER QUALITY OF CHANDIGARH,DADU MAJRA,CHANDIGARH,24,25,25,NA,NA,NA,7,7.4,7.2,1037,1056,1047,0.1,0.2,0.2,5.3,9.5,7.4,NA,NA,NA,NA,NA,NA,NA,NA,NA
1898,GROUND WATER QUALITY OF PUNJAB,PETROL PUMP OPP. HERO CYCLE-LUDHIANA,PUNJAB,28,28,28,NA,NA,NA,7.1,7.2,7.2,1140,1460,1300,NA,NA,NA,1.6,1.8,1.7,0.8,0.8,0.8,NA,NA,NA,NA,NA,NA
1899,GROUND WATER QUALITY OF PUNJAB,BHAGWAN SINGH- H.NO.907- DASMESH NAGAR- GALI NO. 6- LUDHIANA,PUNJAB,NA,NA,NA,NA,NA,NA,7.1,7.1,7.1,1385,1385,1385,NA,NA,NA,19,19,19,NA,NA,NA,NA,NA,NA,NA,NA,NA
1900,GROUND WATER QUALITY OF PUNJAB,GURCHAARAN SINGH HAIBOWAL DAIRY COMPLEX- LUDHIANA,PUNJAB,NA,NA,NA,NA,NA,NA,7.2,7.2,7.2,550,550,550,NA,NA,NA,2.1,2.1,2.1,NA,NA,NA,NA,NA,NA,NA,NA,NA
1901,GROUND WATER QUALITY OF PUNJAB,DUSSHERA GROUND INDUSTRIAL ESTATE- LUDHIANA,PUNJAB,NA,NA,NA,NA,NA,NA,7.2,7.2,7.2,455,455,455,NA,NA,NA,1.9,1.9,1.9,NA,NA,NA,NA,NA,NA,NA,NA,NA
1902,GROUND WATER QUALITY OF PUNJAB,SHUKLA TEA STAL POINT- LUDHIANA,PUNJAB,NA,NA,NA,NA,NA,NA,7.3,7.3,7.3,516,516,516,NA,NA,NA,2,2,2,NA,NA,NA,NA,NA,NA,NA,NA,NA
1903,GROUND WATER QUALITY OF PUNJAB,PUNJAB AGRICULTUREAL UNIVERSITY- LUDHIANA,PUNJAB,NA,NA,NA,NA,NA,NA,7.2,7.2,7.2,575,575,575,NA,NA,NA,2.2,2.2,2.2,NA,NA,NA,NA,NA,NA,NA,NA,NA
19,GROUND WATER QUALITY OF KERALA,WELL AT ELOOR- KERALA,KERALA,27,29,28,NA,NA,NA,5.3,7.1,6,130,294,206,0.3,2,0.8,1.5,12.6,5.5,0.1,2.8,0.87,0,560,131,10,1320,432
22,GROUND WATER QUALITY OF KERALA,WELL AT CHUNGAPALLY- KERALA,KERALA,27,28,28,NA,NA,NA,5.7,5.7,5.7,110,126,118,0.4,0.8,0.6,0.6,4,2.3,1.8,1.8,1.8,NA,NA,NA,20,60,40
35,GROUND WATER QUALITY OF KERALA,WELL AT PUNALUR- KERALA,KERALA,28,29,28,NA,NA,NA,6.7,7.5,7.1,305,329,317,0.7,0.9,0.8,8.5,16,12.3,10.6,10.6,10.6,0,480,240,620,740,680
1581,GROUND WATER QUALITY OF KERALA,PAPPANAMKODE-THIRUVANANTHAPURAM,KERALA,26,26,26,NA,NA,NA,5.6,5.8,5.7,190,340,265,0.3,0.6,0.45,1.6,8,4.8,0.2,0.2,0.2,NA,NA,NA,0,180,90
1582,GROUND WATER QUALITY OF KERALA,NEDUMANGAD-THIRUVANANTHAPURAM,KERALA,26,26,26,NA,NA,NA,6.1,6.4,6.3,420,560,490,0.4,0.5,0.45,1.7,8,4.9,0.4,0.4,0.4,NA,NA,NA,0,50,25
1583,GROUND WATER QUALITY OF KERALA,NEDUMANGAD-THIRUVANANTHAPURAM,KERALA,27,29,28,NA,NA,NA,4.4,4.9,4.7,171,210,191,0.6,0.8,0.7,8.5,16,12.3,6.3,6.3,6.3,0,100,50,60,160,110
1584,GROUND WATER QUALITY OF KERALA,CHERTHALA-ALLEPPY- KERALA,KERALA,28,29,29,NA,NA,NA,7.4,7.5,7.5,170,180,175,0.2,1.2,0.7,0.1,3.8,2,0.1,0.1,0.1,0,250,125,80,750,415
1585,GROUND WATER QUALITY OF KERALA,VYTTILA-ERNAKULAM,KERALA,28,29,28,NA,NA,NA,7.8,8,7.9,383,430,407,0.5,0.5,0.5,0.5,3.2,1.9,3.6,3.6,3.6,NA,NA,NA,100,140,120
1586,GROUND WATER QUALITY OF KERALA,EDAYAR ERNAKULAM DISTT.,KERALA,28,28,28,NA,NA,NA,5.6,6.7,6.2,155,183,169,0.5,0.6,0.6,3,3.2,3.1,3.1,3.1,3.1,0,50,25,0,270,135
1587,GROUND WATER QUALITY OF KERALA,KALAMASSERY ERNAKULAM,KERALA,28,28,28,NA,NA,NA,4.9,5.4,5.2,139,162,151,0.3,0.5,0.4,1.6,9,5.3,6,6,6,0,10,5,0,140,70
1588,GROUND WATER QUALITY OF KERALA,PUNKUNNAM TRISSUR DISTT.,KERALA,26,28,27,NA,NA,NA,5.7,6.9,6.3,106,128,117,0.5,2,1.3,1.6,3.2,2.4,3.9,3.9,3.9,0,120,60,40,380,210
1589,GROUND WATER QUALITY OF KERALA,MALAPURAM - KERALA,KERALA,26,28,27,NA,NA,NA,5.7,6,5.9,280,370,325,1,1.6,1.3,1.7,4.8,3.3,3.4,3.4,3.4,0,800,400,40,1233,637
1590,GROUND WATER QUALITY OF KERALA,MAVOOR- KOZHIKKODE DISTT.- KERALA,KERALA,26,29,28,NA,NA,NA,5.8,6.6,6.2,109,153,131,0.2,0.6,0.4,1.2,7.2,4.2,3.2,3.2,3.2,0,60,30,40,190,115
1591,GROUND WATER QUALITY OF KERALA,KANNUR (MUNICIPALITY) KANNUR,KERALA,30,30,30,NA,NA,NA,4.4,4.7,4.6,83,104,94,0.6,1.2,0.9,4.6,12,8.3,3.1,3.1,3.1,0,100,50,80,400,240
1592,GROUND WATER QUALITY OF KERALA,PAYYANNUR- KANNUR DISTT.,KERALA,29,29,29,NA,NA,NA,5.6,5.7,5.7,140,178,159,0.1,1.6,0.9,4,8,6,2.8,2.8,2.8,0,480,240,440,850,645
2308,GROUND WATER QUALITY OF KERALA,FATHIMAPURAM (CHANGANASSERY),KERALA,28,28,28,NA,NA,NA,5.7,5.7,5.7,197,197,197,0.4,0.4,0.4,2.9,2.9,2.9,NA,NA,NA,11,11,11,24,24,24
2309,GROUND WATER QUALITY OF KERALA,KAROOR (PALA),KERALA,27,27,27,NA,NA,NA,5.8,5.8,5.8,82,82,82,0.5,0.5,0.5,4.7,4.7,4.7,NA,NA,NA,110,110,110,170,170,170
2310,GROUND WATER QUALITY OF KERALA,VAIKOM,KERALA,28,28,28,NA,NA,NA,6,6,6,95,95,95,0.9,0.9,0.9,4.2,4.2,4.2,NA,NA,NA,8,8,8,17,17,17
2311,GROUND WATER QUALITY OF KERALA,VADAVATHOOR (KOTTAYAM),KERALA,28,28,28,NA,NA,NA,4.8,4.8,4.8,159,159,159,0.7,0.7,0.7,0.1,0.1,0.1,NA,NA,NA,14,14,14,22,22,22
2313,GROUND WATER QUALITY OF KERALA,SARVODAPURAM- ALAPPUZHA,KERALA,28,28,28,NA,NA,NA,7.3,7.3,7.3,183,183,183,0.5,0.5,0.5,0.1,0.1,0.1,NA,NA,NA,300,300,300,600,600,600
2314,GROUND WATER QUALITY OF KERALA,KUREEPUZHA (KOLLAM),KERALA,27,27,27,NA,NA,NA,7.3,7.3,7.3,306,306,306,0.7,0.7,0.7,7.5,7.5,7.5,NA,NA,NA,200,200,200,300,300,300
2315,GROUND WATER QUALITY OF KERALA,K.M.M.L.(KOLLAM),KERALA,28,28,28,NA,NA,NA,7.6,7.6,7.6,464,464,464,0.6,0.6,0.6,9.6,9.6,9.6,NA,NA,NA,60,60,60,100,100,100
2316,GROUND WATER QUALITY OF KERALA,CHELLORA TRENCHING GROUND(KANNUR),KERALA,28,28,28,NA,NA,NA,4.1,4.1,4.1,52,52,52,0.9,0.9,0.9,2.5,2.5,2.5,NA,NA,NA,0,0,0,50,50,50
2317,GROUND WATER QUALITY OF KERALA,PUNNALPETTIPPALAM (TELLICHERRYMUNICIPALITY),KERALA,28,28,28,NA,NA,NA,6.5,6.5,6.5,373,373,373,1.5,1.5,1.5,2.5,2.5,2.5,NA,NA,NA,140,140,140,1300,1300,1300
2320,GROUND WATER QUALITY OF KERALA,MANJERI,KERALA,26,26,26,NA,NA,NA,5.6,5.6,5.6,164,164,164,0.6,0.6,0.6,1.7,1.7,1.7,NA,NA,NA,333,333,333,866,866,866
2321,GROUND WATER QUALITY OF KERALA,LALOOR (THRISSUR),KERALA,28,28,28,NA,NA,NA,5.8,5.8,5.8,530,530,530,1,1,1,8.5,8.5,8.5,NA,NA,NA,120,120,120,370,370,370
2322,GROUND WATER QUALITY OF KERALA,OLLUR (THRISSUR),KERALA,25,25,25,NA,NA,NA,4.8,4.8,4.8,240,240,240,0.9,0.9,0.9,6.1,6.1,6.1,NA,NA,NA,580,580,580,1240,1240,1240
2323,GROUND WATER QUALITY OF KERALA,BRAHMAPURAM M.S.W.DUMPARK (ERNAKULAM),KERALA,27,27,27,NA,NA,NA,6,6,6,200,200,200,0.2,0.2,0.2,1,1,1,NA,NA,NA,240,240,240,650,650,650
2324,GROUND WATER QUALITY OF KERALA,HAZARDOUS WASTE DUMP(AMBALAMUGHAL),KERALA,28,28,28,NA,NA,NA,7.2,7.2,7.2,270,270,270,1.5,1.5,1.5,0.1,0.1,0.1,NA,NA,NA,0,0,0,0,0,0
2327,GROUND WATER QUALITY OF KERALA,KARUKAMANI,KERALA,27,27,27,NA,NA,NA,7.2,7.2,7.2,952,952,952,0.7,0.7,0.7,1.4,1.4,1.4,NA,NA,NA,12,12,12,300,300,300
32,GROUND WATER QUALITY OF TAMILNADU,WELL AT MUSIRI- TAMIL NADU,TAMIL NADU,30,31,30,NA,NA,NA,6.9,7.3,7.1,1800,1919,1850,0.2,0.6,0.3,0.3,1.5,0.83,0.1,0.1,0.1,78,270,166,140,400,260
1449,GROUND WATER QUALITY OF TAMILNADU,COLLECTOR WELL AT THIRUPUVANAM FOR MADURAI WAT. SUPPLY SCHEME,TAMIL NADU,30,30,30,NA,NA,NA,7.3,7.3,7.3,780,780,780,1.9,1.9,1.9,0.1,0.1,0.1,0.1,0.1,0.1,2,2,2,7,7,7
1397,GROUND WATER QUALITY OF PONDICHERRY,WELL AT MUTHIALPET AREA(I),PONDICHERRY,27,27,27,NA,NA,NA,6.9,6.9,6.9,1958,1958,1958,NA,NA,NA,0.3,0.3,0.3,NA,NA,NA,NA,NA,NA,NA,NA,NA
1398,GROUND WATER QUALITY OF PONDICHERRY,WELL AT THENGAITHITTU AREA-(II),PONDICHERRY,28,32,30,NA,NA,NA,6.8,7.4,7.1,1087,1100,1094,NA,NA,NA,0.1,0.1,0.1,NA,NA,NA,NA,NA,NA,NA,NA,NA
1453,GROUND WATER QUALITY OF PONDICHERRY,WELL AT MUTHARAPLATYAM (PWD),PONDICHERRY,29,30,30,NA,NA,NA,6.5,6.9,6.7,496,602,549,NA,NA,NA,2.7,2.7,2.7,NA,NA,NA,NA,NA,NA,NA,NA,NA
1454,GROUND WATER QUALITY OF PONDICHERRY,WELL AT KALAPET-PONDI.UNIVER.ADMN.BLOCK,PONDICHERRY,28,30,29,NA,NA,NA,6.2,6.7,6.5,159,185,172,NA,NA,NA,0.7,0.7,0.7,NA,NA,NA,NA,NA,NA,NA,NA,NA
1687,GROUND WATER QUALITY OF PONDICHERRY,NEHRU STATUE- PONDICHERRY,PONDICHERRY,30,30,30,NA,NA,NA,7.1,7.1,7.1,2240,2240,2240,NA,NA,NA,NA,NA,NA,NA,NA,NA,NA,NA,NA,NA,NA,NA
1688,GROUND WATER QUALITY OF PONDICHERRY,KATTERIKUPPAM- PODICHERRY,PONDICHERRY,30,34,32,NA,NA,NA,7.1,7.3,7.2,628,712,670,NA,NA,NA,0.3,0.3,0.3,NA,NA,NA,NA,NA,NA,NA,NA,NA
1689,GROUND WATER QUALITY OF PONDICHERRY,CHUNMBAR RIVER- PONDICHERRY,PONDICHERRY,29,32,30,NA,NA,NA,8.1,9,8.6,521,860,700,3,5,4.3,0.1,12.9,6.5,NA,NA,NA,NA,NA,NA,NA,NA,NA
2009,GROUND WATER QUALITY OF PONDICHERRY,KURUMBAPET,PONDICHERRY,28,30,29,NA,NA,NA,6.2,6.9,6.6,382,383,383,NA,NA,NA,2,2,2,NA,NA,NA,NA,NA,NA,NA,NA,NA
2010,GROUND WATER QUALITY OF PONDICHERRY,METTUPALAYAM,PONDICHERRY,30,30,30,NA,NA,NA,6.3,6.6,6.5,460,506,483,NA,NA,NA,3.9,3.9,3.9,NA,NA,NA,NA,NA,NA,NA,NA,NA
2011,GROUND WATER QUALITY OF PONDICHERRY,URUVAIYAR,PONDICHERRY,32,35,33,NA,NA,NA,6.8,7.6,7.2,1380,1385,1383,NA,NA,NA,0.1,0.1,0.1,NA,NA,NA,NA,NA,NA,NA,NA,NA
2012,GROUND WATER QUALITY OF PONDICHERRY,KARUVADIKUPPAM,PONDICHERRY,37,37,37,NA,NA,NA,6.9,6.9,6.9,251,251,251,NA,NA,NA,2.8,2.8,2.8,NA,NA,NA,NA,NA,NA,NA,NA,NA
2013,GROUND WATER QUALITY OF PONDICHERRY,T.R.PATTINAM- KARAIKAL,PONDICHERRY,28,30,29,NA,NA,NA,8.3,8.3,8.3,1636,1838,1737,NA,NA,NA,0.2,0.2,0.2,NA,NA,NA,NA,NA,NA,NA,NA,NA
2014,GROUND WATER QUALITY OF PONDICHERRY,VADAMATTAM- KARAIKAL,PONDICHERRY,26,31,28,NA,NA,NA,7.9,8.1,8,1461,1603,1532,NA,NA,NA,0.1,0.1,0.1,NA,NA,NA,NA,NA,NA,NA,NA,NA
1440,GROUND WATER QUALITY OF DAMAN,WELL AT SOMNATH INDL ESTATE,DAMAN AND DIU,NA,NA,NA,NA,NA,NA,7,8.1,7.5,960,1886,1603,39,38.5,38.5,8.1,82.6,46.55,NA,NA,NA,NA,NA,NA,NA,NA,NA
1984,GROUND WATER QUALITY OF MAHARASHTRA,INDL.ESTATE TARAPUR,MAHARASHTRA,30,30,30,NA,NA,NA,8.5,8.5,8.5,457,457,457,3,3,3,0.1,0.1,0.1,NA,NA,NA,25,25,25,225,225,225
1985,GROUND WATER QUALITY OF MAHARASHTRA,MIRA-BHAYANDER,MAHARASHTRA,30,30,30,NA,NA,NA,8.5,8.5,8.5,7234,7234,7234,7,7,7,2.6,2.6,2.6,NA,NA,NA,70,70,70,550,550,550
1986,GROUND WATER QUALITY OF MAHARASHTRA,DAHANU,MAHARASHTRA,27,27,27,NA,NA,NA,7.5,7.5,7.5,1086,1086,1086,3.4,3.4,3.4,0.1,0.1,0.1,NA,NA,NA,13,13,13,170,170,170
1987,GROUND WATER QUALITY OF MAHARASHTRA,VASAI,MAHARASHTRA,28,28,28,NA,NA,NA,8.1,8.1,8.1,1019,1019,1019,6,6,6,0.7,0.7,0.7,NA,NA,NA,25,25,25,350,350,350
1988,GROUND WATER QUALITY OF MAHARASHTRA,PALGHAR,MAHARASHTRA,27,28,28,NA,NA,NA,7.6,7.7,7.7,1700,4966,3333,2,4,3,3.7,8.4,6.05,NA,NA,NA,2,30,16,5,350,178
1990,GROUND WATER QUALITY OF MAHARASHTRA,BMW SITE- BURUDGAON- AHMEDNAGAR,MAHARASHTRA,29,29,29,NA,NA,NA,7.3,7.3,7.3,1874,1874,1874,9,9,9,5.1,5.1,5.1,NA,NA,NA,26,26,26,58,58,58
1991,GROUND WATER QUALITY OF MAHARASHTRA,MSW SITE- PATHARDI- NASIK,MAHARASHTRA,25,25,25,NA,NA,NA,7.1,7.2,7.2,396,396,396,4.1,4.1,4.1,1.8,8,4.9,1.8,1.8,1.8,0.1,14,7.05,14,35,24.5
1992,GROUND WATER QUALITY OF MAHARASHTRA,MSW SITE- PIMPRI-CHINCHWAD- PUNE,MAHARASHTRA,32,33,33,NA,NA,NA,8,8,8,975,1345,1160,5.8,7.6,6.7,0.1,0.1,0.1,NA,NA,NA,25,225,125,225,900,563
1993,GROUND WATER QUALITY OF MAHARASHTRA,PHANDARPUR- GANGAPUR-AURANGABAD,MAHARASHTRA,31,31,31,NA,NA,NA,7.8,7.8,7.8,1667,1667,1667,5.8,5.8,5.8,4.6,4.6,4.6,NA,NA,NA,9,9,9,350,350,350
1995,GROUND WATER QUALITY OF MAHARASHTRA,KHAPERKHEDA- NAGPUR,MAHARASHTRA,21,21,21,NA,NA,NA,7.7,7.7,7.7,1045,1045,1045,11,11,11,5.3,5.3,5.3,NA,NA,NA,11,11,11,27,27,27
1996,GROUND WATER QUALITY OF MAHARASHTRA,KORADI- NAGPUR,MAHARASHTRA,22,22,22,NA,NA,NA,7.7,7.7,7.7,1467,1467,1467,13,13,13,12,12,12,NA,NA,NA,4,4,4,21,21,21
1997,GROUND WATER QUALITY OF MAHARASHTRA,RAIPUR- NAGPUR,MAHARASHTRA,30,30,30,NA,NA,NA,8,8,8,2650,2650,2650,6,6,6,0.8,0.8,0.8,NA,NA,NA,33,33,33,170,170,170
1998,GROUND WATER QUALITY OF MAHARASHTRA,BHAHMNI- KALMESHWAR- NAGPUR,MAHARASHTRA,22,22,22,NA,NA,NA,7.6,7.6,7.6,1300,1300,1300,11,10.7,10.7,5,5,5,NA,NA,NA,11,11,11,27,27,27
1999,GROUND WATER QUALITY OF MAHARASHTRA,SANGERA GONDIA,MAHARASHTRA,24,24,24,NA,NA,NA,6.1,6.1,6.1,8687,8687,8687,1.6,1.6,1.6,5,5,5,NA,NA,NA,2,2,2,6,6,6
2000,GROUND WATER QUALITY OF MAHARASHTRA,BHANDEWARI- NAGPUR,MAHARASHTRA,21,21,21,NA,NA,NA,8,8,8,1526,1526,1526,6,6,6,10.2,10.2,10.2,NA,NA,NA,22,22,22,70,70,70
2001,GROUND WATER QUALITY OF MAHARASHTRA,SUKALI- AMRAVATI,MAHARASHTRA,32,32,32,NA,NA,NA,7.8,7.8,7.8,704,704,704,7,7,7,13.1,13.1,13.1,NA,NA,NA,2,2,2,4,4,4
2002,GROUND WATER QUALITY OF MAHARASHTRA,AKOT- AKOLA,MAHARASHTRA,32,32,32,NA,NA,NA,8.3,8.3,8.3,621,621,621,8,8,8,3.3,3.3,3.3,NA,NA,NA,110,110,110,280,280,280
2003,GROUND WATER QUALITY OF MAHARASHTRA,SAWARGAON- YAVATMAL,MAHARASHTRA,23,23,23,NA,NA,NA,7.8,7.8,7.8,761,761,761,6,6,6,0.7,0.7,0.7,NA,NA,NA,2,2,2,4,4,4
2004,GROUND WATER QUALITY OF MAHARASHTRA,PARVATI INDL.ESTATE- SHIROL,MAHARASHTRA,27,27,27,NA,NA,NA,7.9,7.9,7.9,3429,3429,3429,2,2,2,4.7,4.7,4.7,NA,NA,NA,NA,NA,NA,NA,NA,NA
2006,GROUND WATER QUALITY OF MAHARASHTRA,MIDC- SHINOLI- CHENDGAD,MAHARASHTRA,21,21,21,NA,NA,NA,8,8,8,766,766,766,1.8,1.8,1.8,4.7,4.7,4.7,NA,NA,NA,NA,NA,NA,NA,NA,NA
2007,GROUND WATER QUALITY OF MAHARASHTRA,SAVALI- SANGLI,MAHARASHTRA,24,24,24,NA,NA,NA,6.1,6.1,6.1,8687,8687,8687,1.6,1.6,1.6,5,5,5,NA,NA,NA,2,2,2,6,6,6
2008,GROUND WATER QUALITY OF MAHARASHTRA,RASULWADI-SAMBARWADI- SANGLI,MAHARASHTRA,24,24,24,NA,NA,NA,6.2,6.2,6.2,2631,2631,2631,1.8,1.8,1.8,5.1,5.1,5.1,NA,NA,NA,9,9,9,140,140,140
2200,GROUND WATER QUALITY OF MAHARASHTRA,BORE WELL AT KATPUR- NEAR Z.PSCHOOL.,MAHARASHTRA,29,29,29,NA,NA,NA,7.9,7.9,7.9,1830,1830,1830,27,26.8,26.8,0.7,0.7,0.7,NA,NA,NA,9,9,9,350,350,350
2201,GROUND WATER QUALITY OF MAHARASHTRA,DUG WELL AT RANJANGAON.,MAHARASHTRA,28,28,28,NA,NA,NA,7.4,7.4,7.4,2100,2100,2100,5,5,5,0.7,0.7,0.7,NA,NA,NA,9,9,9,350,350,350
2203,GROUND WATER QUALITY OF MAHARASHTRA,HAND PUMP IN THE PREMISES OFZILLA PARISHAD PRIMARY SCHOOL,MAHARASHTRA,33,33,33,NA,NA,NA,7.7,7.7,7.7,1268,1268,1268,7.8,7.8,7.8,2,2,2,NA,NA,NA,27,27,27,180,180,180
3,GROUND WATER QUALITY OF GUJARAT,WELL AT AHMEDABAD,GUJARAT,27,29,28,NA,NA,NA,7.3,7.5,7.4,1550,1650,1600,2,3,2.5,2.2,2.2,2.2,3.6,3.6,3.6,2,2,2,5,5,5
1226,GROUND WATER QUALITY OF GUJARAT,WELL AT NAROL- AHMEDABAD,GUJARAT,29,32,31,NA,NA,NA,7.3,7.4,7.4,1420,1490,1455,0.8,3,1.9,0.3,0.6,0.45,NA,NA,NA,2,2,2,5,5,5
1950,GROUND WATER QUALITY OF GUJARAT,JUNAGADH,GUJARAT,26,26,26,NA,NA,NA,7.2,7.2,7.2,1486,1486,1486,0.9,0.9,0.9,0.1,0.1,0.1,NA,NA,NA,NA,NA,NA,NA,NA,NA
1951,GROUND WATER QUALITY OF GUJARAT,RAJKOT,GUJARAT,28,28,28,NA,NA,NA,7.5,7.5,7.5,1578,4810,3194,0.7,0.9,0.8,0.1,0.1,0.1,NA,NA,NA,3,3,3,5,5,5
1952,GROUND WATER QUALITY OF GUJARAT,SURENDRANAGAR,GUJARAT,28,28,28,NA,NA,NA,7.6,7.8,7.7,1520,2380,1950,0.7,10,5.35,0.1,0.1,0.1,NA,NA,NA,4,4,4,7,7,7
1955,GROUND WATER QUALITY OF GUJARAT,PALANPUR,GUJARAT,28,28,28,NA,NA,NA,7.2,7.2,7.2,2390,2390,2390,10,10,10,6.2,6.2,6.2,NA,NA,NA,2,2,2,5,5,5
1956,GROUND WATER QUALITY OF GUJARAT,MEHASANA,GUJARAT,23,28,26,NA,NA,NA,7.5,7.5,7.5,1190,1450,1320,2.2,6,4.1,7.9,8.4,8.15,NA,NA,NA,2,2,2,5,5,5
1957,GROUND WATER QUALITY OF GUJARAT,SIDDHPUR (DIST.PATAN),GUJARAT,27,28,28,NA,NA,NA,7.3,7.7,7.5,1530,3250,2390,1.8,2,1.9,5,5.6,5.3,NA,NA,NA,2,2,2,5,5,5
1958,GROUND WATER QUALITY OF GUJARAT,HIMATNAGAR,GUJARAT,29,29,29,NA,NA,NA,7.2,7.3,7.3,1470,1560,1515,2,2.1,2.05,7.7,9.2,8.45,NA,NA,NA,2,2,2,5,5,5
1959,GROUND WATER QUALITY OF GUJARAT,NADIAD,GUJARAT,24,24,24,NA,NA,NA,7.6,7.6,7.6,2200,2200,2200,7.1,7.1,7.1,NA,NA,NA,NA,NA,NA,NA,NA,NA,NA,NA,NA
1960,GROUND WATER QUALITY OF GUJARAT,DAHOD,GUJARAT,27,27,27,NA,NA,NA,7.9,7.9,7.9,1893,1893,1893,0.4,0.4,0.4,NA,NA,NA,NA,NA,NA,NA,NA,NA,3,3,3
1961,GROUND WATER QUALITY OF GUJARAT,GODHARA,GUJARAT,26,27,27,NA,NA,NA,7.7,7.7,7.7,1107,1107,1107,0.7,0.8,0.75,NA,NA,NA,NA,NA,NA,NA,NA,NA,4,4,4
1962,GROUND WATER QUALITY OF GUJARAT,VADODARA (INDUSTRIAL-NANDESARI),GUJARAT,24,24,24,NA,NA,NA,7.4,7.4,7.4,1900,1900,1900,14,14,14,NA,NA,NA,NA,NA,NA,NA,NA,NA,NA,NA,NA
1963,GROUND WATER QUALITY OF GUJARAT,ANKLESHWAR (INDUSTRIAL AREA),GUJARAT,30,30,30,NA,NA,NA,7.2,7.2,7.2,507,507,507,0.8,0.8,0.8,2,2,2,NA,NA,NA,0,0,0,70,70,70
1964,GROUND WATER QUALITY OF GUJARAT,PANDESARA (INDSTRIAL) SURAT,GUJARAT,29,29,29,NA,NA,NA,7.8,7.8,7.8,11490,11490,11490,0.3,0.3,0.3,0.5,0.5,0.5,NA,NA,NA,28,28,28,210,210,210
1965,GROUND WATER QUALITY OF GUJARAT,MORA-HAJIRA (INDUSTRIAL)- HAJIRA,GUJARAT,29,29,29,NA,NA,NA,8.5,8.5,8.5,1480,1480,1480,0.8,0.8,0.8,0.4,0.4,0.4,NA,NA,NA,4,4,4,15,15,15
1966,GROUND WATER QUALITY OF GUJARAT,GABHENI VILL- SURAT (INDUSTRIAL),GUJARAT,29,29,29,NA,NA,NA,8.6,8.6,8.6,960,960,960,0.5,0.5,0.5,1.7,1.7,1.7,NA,NA,NA,4300,4300,4300,9300,9300,9300
2083,GROUND WATER QUALITY OF GUJARAT,BORE WELL OF CHHATRAL GIDC.,GUJARAT,29,29,29,NA,NA,NA,7.5,7.5,7.5,1790,1790,1790,1.7,1.7,1.7,2.8,2.8,2.8,NA,NA,NA,2,2,2,5,5,5
2084,GROUND WATER QUALITY OF GUJARAT,BORE WELL OF PALSANA VILLAGE.,GUJARAT,28,29,29,NA,NA,NA,7.6,8.2,7.9,1340,1950,1645,0.4,11,5.7,0.4,1.7,1.05,NA,NA,NA,2,9,5.5,5,21,13
2085,GROUND WATER QUALITY OF GUJARAT,ORE WELL OF SANTEJ VILLAGE.,GUJARAT,29,29,29,NA,NA,NA,7.6,7.6,7.6,3130,3130,3130,2.3,2.3,2.3,2.2,2.2,2.2,NA,NA,NA,2,2,2,5,5,5
2087,GROUND WATER QUALITY OF GUJARAT,B/W- HAZARDOUS W.DISPOSAL SITE (GUJ.ENVIRO P.& I.LTD.),GUJARAT,29,29,29,NA,NA,NA,8.3,8.3,8.3,1140,1140,1140,1.2,1.2,1.2,0.6,0.6,0.6,NA,NA,NA,23,23,23,150,150,150
2088,GROUND WATER QUALITY OF GUJARAT,BORE WELL OF SACHIN GIDC.,GUJARAT,29,29,29,NA,NA,NA,7.8,7.8,7.8,11300,11300,11300,1,1,1,0.8,0.8,0.8,NA,NA,NA,9,9,9,23,23,23
2090,GROUND WATER QUALITY OF GUJARAT,WELL AT OLPAD.,GUJARAT,30,30,30,NA,NA,NA,7.9,7.9,7.9,7740,7740,7740,2.3,2.3,2.3,0.5,0.5,0.5,NA,NA,NA,9,9,9,23,23,23
2091,GROUND WATER QUALITY OF GUJARAT,BORE WELL OF NAVSARI GIDCINDUSTRIES ASSOCIATION OFFICE.,GUJARAT,28,28,28,NA,NA,NA,8.4,8.4,8.4,2040,2040,2040,1.2,1.2,1.2,0.5,0.5,0.5,NA,NA,NA,3,3,3,20,20,20
2092,GROUND WATER QUALITY OF GUJARAT,FROM WATER WORKS OF NAVSARINEAR DHUDIA TALAV.,GUJARAT,29,29,29,NA,NA,NA,8.5,8.5,8.5,508,508,508,0.8,0.8,0.8,0.2,0.2,0.2,NA,NA,NA,2,2,2,3,3,3
2093,GROUND WATER QUALITY OF GUJARAT,BORE WELL - BARDOLI REST HOUSE.,GUJARAT,28,28,28,NA,NA,NA,8.1,8.1,8.1,2110,2110,2110,1.6,1.6,1.6,0.3,0.3,0.3,NA,NA,NA,3,3,3,20,20,20
2094,GROUND WATER QUALITY OF GUJARAT,WELL AT ANKLESHWAR INDUSTRIAL AREA (BORE WELL OF M/S INDUSTRIAL CARBON AT ANKLESHWAR- RAJPIPLA ROAD.,GUJARAT,30,30,30,NA,NA,NA,8.1,8.1,8.1,331,331,331,0.7,0.7,0.7,3.4,3.4,3.4,NA,NA,NA,0,0,0,40,40,40
2095,GROUND WATER QUALITY OF GUJARAT,BORE WELL AT STP MADHAPAR- DIST. RAJKOT,GUJARAT,25,30,28,NA,NA,NA,7.2,7.7,7.45,1600,2640,2120,2,2,2,0.1,0.1,0.1,NA,NA,NA,4,4,4,7,7,7
2096,GROUND WATER QUALITY OF GUJARAT,B/W- SNR. VINAYAK JAL SUDDHIKARAN SAHAKARI MANDALI LTD.(CETP )- BAVLA- AHMEDABAD,GUJARAT,29,29,29,NA,NA,NA,7.3,7.3,7.3,3660,3660,3660,2.3,2.3,2.3,2.5,2.5,2.5,NA,NA,NA,2,2,2,5,5,5
2097,GROUND WATER QUALITY OF GUJARAT,B/W OF SOMESHWAR RICE MILL- NR. BAVLA ECO PROJECT- (CETP )- BAVLA- AHMEDABAD,GUJARAT,30,30,30,NA,NA,NA,7.7,7.7,7.7,2130,2130,2130,5.1,5.1,5.1,2.8,2.8,2.8,NA,NA,NA,2,2,2,5,5,5
2098,GROUND WATER QUALITY OF GUJARAT,BORE WELL OF PIRANA TERMINAL PUMPING STN- PIRANA- NR. V. N. BDG- AHMEDABAD,GUJARAT,30,30,30,NA,NA,NA,7.1,7.1,7.1,3500,3500,3500,13,13,13,1.3,1.3,1.3,NA,NA,NA,2,2,2,5,5,5
1415,GROUND WATER QUALITY OF RAJASTHAN,WELL OF LOOMJI- CHAUDHARY- NEARNAYAGAON- PALI- (UPSTREAM 1 KM.FROM PALI TOWN),RAJASTHAN,20,25,23,NA,NA,NA,7.1,8.7,7.9,5500,31000,18250,5.7,21.2,13.4,0.2,0.9,0.5,NA,NA,NA,7,14,11,150,210,180
1416,GROUND WATER QUALITY OF RAJASTHAN,WELL (UPSTREAM 1 KM FROM JODHPUR TOWN),RAJASTHAN,21,26,24,NA,NA,NA,7.9,8.04,8,8600,31000,19800,1.6,11.5,6.6,0.1,11.8,6,NA,NA,NA,3,3,3,20,28,24
1417,GROUND WATER QUALITY OF RAJASTHAN,WELL (U/S 1 KM FROM JODHPUR TOWN),RAJASTHAN,25,27,26,NA,NA,NA,7,7.36,7.2,3200,12100,7650,4.1,6.5,5.3,0.1,0.5,0.3,NA,NA,NA,4,7,6,150,1100,625
1706,GROUND WATER QUALITY OF RAJASTHAN,RIICO PUMP HOUSE NEAR MONTOMOTORS- MIA- ALWAR,RAJASTHAN,28,32,30,NA,NA,NA,7.3,8.41,7.8,820,1800,1310,0.4,0.8,0.6,0.5,0.6,0.5,NA,NA,NA,3,3,3,4,9,7
1707,GROUND WATER QUALITY OF RAJASTHAN,BORE WELL IN MODI ALKALIS & CHEMICALS- MIA- ALWAR,RAJASTHAN,29,32,30,NA,NA,NA,7.6,8.07,7.8,890,1000,945,1.3,1.5,1.4,0.2,3.4,1.8,NA,NA,NA,3,3,3,4,7,6
1708,GROUND WATER QUALITY OF RAJASTHAN,WELL KOTHI IN VILLAGE BAGARRAJPUT- ALWAR,RAJASTHAN,24,25,25,NA,NA,NA,7.5,8.38,7.9,2500,5400,3950,1.1,1.2,1.1,0.4,3.4,1.9,NA,NA,NA,3,3,3,4,7,6
1709,GROUND WATER QUALITY OF RAJASTHAN,WELL AT VILLAGE SANTHLA VERY NEAR BHIWADI INDUSTRIAL AREA- BHIWADI,RAJASTHAN,28,28,28,NA,NA,NA,8.1,8.36,8.2,680,3200,1940,0.2,1.6,0.9,0.4,3.4,1.9,NA,NA,NA,3,3,3,7,9,8
1710,GROUND WATER QUALITY OF RAJASTHAN,WELL AT VILLAGE ALUPUR- VERYNEAR BHIWADI INDUSTRIAL AREA- BHIWADI,RAJASTHAN,28,29,29,NA,NA,NA,8,8.42,8.2,680,1000,840,0.3,0.8,0.6,0.6,3.2,1.9,NA,NA,NA,3,3,3,7,7,7
1711,GROUND WATER QUALITY OF RAJASTHAN,WELL AT VILLAGE HARCHANDPUR- VERY NEAR- BHIWADI TO BHIWADI INDUSTRIAL AREA- BHIWADI,RAJASTHAN,28,28,28,NA,NA,NA,8,8.68,8.4,690,1400,1045,0.1,0.8,0.5,0.4,3.4,1.9,NA,NA,NA,3,3,3,4,4,4
1712,GROUND WATER QUALITY OF RAJASTHAN,WELL AT VILLAGE BHIWADI - VERYNEAR- BHIWADI TO BHIWADI INDUSTRIAL AREA- BHIWADI,RAJASTHAN,28,29,29,NA,NA,NA,8.1,8.45,8.3,680,1100,890,0.4,2.8,1.6,0.1,3.2,1.6,NA,NA,NA,3,4,4,4,14,9
1713,GROUND WATER QUALITY OF RAJASTHAN,WELL AT VILLAGE GATTAL- NEAR-BHIWADI TO BHIWADI INDUSTRIAL AREA- BHIWADI,RAJASTHAN,28,28,28,NA,NA,NA,8.2,8.81,8.5,560,1260,910,0.3,3.2,1.7,0.4,2.6,1.5,NA,NA,NA,3,4,4,4,14,9
1715,GROUND WATER QUALITY OF RAJASTHAN,HAND PUMP NEAR SECONDARY SCHOOL ABOUT 300mt.FROM KANSUA NALLAH KOTA,RAJASTHAN,28,30,29,NA,NA,NA,8.1,8.64,8.4,880,2900,1890,0.1,1.6,0.9,21.7,21.7,21.7,NA,NA,NA,3,3,3,4,4,4
1720,GROUND WATER QUALITY OF RAJASTHAN,CHAUDHARY KA WELL VILLAGEPANIALA- KOTAPUTALI NEAR ASSOCIATED ALCOHOL BREVERIES LTD JAIPUR,RAJASTHAN,24,29,27,NA,NA,NA,7.3,8.46,7.9,1260,1800,1530,0.5,1.4,0.9,0.4,0.4,0.4,NA,NA,NA,3,4,4,7,20,14
1721,GROUND WATER QUALITY OF RAJASTHAN,PHED WELL NEAR RAILWAY LINE JHOTAWARA- JAIPUR,RAJASTHAN,29,29,29,NA,NA,NA,7.7,8.67,8.2,690,1900,1295,0.4,0.5,0.5,0.2,0.4,0.3,NA,NA,NA,3,3,3,4,2400,1202
1722,GROUND WATER QUALITY OF RAJASTHAN,PHED WELL NEAR NEI- KHATIPURA,RAJASTHAN,26,26,26,NA,NA,NA,7.3,8.44,7.9,770,1000,885,0.2,0.3,0.2,0.3,0.3,0.3,NA,NA,NA,3,7,5,4,20,12
1723,GROUND WATER QUALITY OF RAJASTHAN,HAND PUMP OF VIDHANI VILLAGEGONER ROAD JAIPUR,RAJASTHAN,27,28,28,NA,NA,NA,7.5,8.85,8.2,3100,3300,3200,0.2,0.4,0.3,0.2,0.6,0.4,NA,NA,NA,3,4,4,4,75,40
1724,GROUND WATER QUALITY OF RAJASTHAN,WELL OF GOOJARON KI TALAI-MOHANA ROAD SANGANER JAIPUR,RAJASTHAN,28,29,29,NA,NA,NA,8,8.75,8.4,1160,2100,1630,0.5,0.7,0.6,0.4,0.5,0.4,NA,NA,NA,3,4,4,4,2400,1202
1725,GROUND WATER QUALITY OF RAJASTHAN,PUBLIC HAND PUMP BEFORESANGANER PULIA,RAJASTHAN,26,28,27,NA,NA,NA,7.5,8.4,8,1380,2200,1790,0.4,0.7,0.6,0.3,0.5,0.4,NA,NA,NA,3,3,3,4,150,77
2015,GROUND WATER QUALITY OF RAJASTHAN,PABUPURA ROAD NEAR CIVIL AIRPORT- JODHPUR (MANGILAL RATHOR),RAJASTHAN,26,27,27,NA,NA,NA,7.2,7.43,7.3,3800,4200,4000,1.3,3.1,2.2,0.5,0.7,0.6,NA,NA,NA,4,20,12,210,240,225
2016,GROUND WATER QUALITY OF RAJASTHAN,VILLAGE VINAYAKIA- JODHPUR(HIRALAL KUMHAR),RAJASTHAN,26,27,26,NA,NA,NA,7,7.54,7.3,2900,3900,3400,0.5,1,0.8,0.2,0.3,0.3,NA,NA,NA,7,7,7,28,2400,1214
2017,GROUND WATER QUALITY OF RAJASTHAN,VILLAGE VINAYAKIA- JODHPUR (BADRIKUMHAR),RAJASTHAN,25,28,26,NA,NA,NA,7.4,7.36,7.4,2900,3800,3350,0.4,0.6,0.5,0.2,0.5,0.3,NA,NA,NA,11,14,13,150,2400,1275
2018,GROUND WATER QUALITY OF RAJASTHAN,VILLAGE VINAYAKIA- JODHPUR(HUKUM SINGH RATHORE),RAJASTHAN,26,27,27,NA,NA,NA,7.6,7.71,7.7,6500,9000,7750,1.6,2.9,2.2,0.5,8.3,4.4,NA,NA,NA,7,7,7,150,460,305
2019,GROUND WATER QUALITY OF RAJASTHAN,NEAR UIT BRIDGE- UDAIPUR,RAJASTHAN,25,28,27,NA,NA,NA,7.2,8.6,7.9,1140,1400,1270,1.2,1.9,1.5,0.4,1,0.7,NA,NA,NA,4,4,4,14,20,17
2020,GROUND WATER QUALITY OF RAJASTHAN,NEW FATEHPURA- 200 FT.FROMPANCHWATI NALLAH- UDAIPUR,RAJASTHAN,26,29,28,NA,NA,NA,7.1,8.56,7.8,1510,1520,1515,0.2,1.3,0.8,0.5,10.3,5.4,NA,NA,NA,3,3,3,4,7,6
2021,GROUND WATER QUALITY OF RAJASTHAN,NEAR ARVIND GENERAL STORE- ALOO FACTORY- KACCHI BASTI- SARDARPURA- UDAIPUR,RAJASTHAN,25,28,27,NA,NA,NA,7.3,8.7,8,990,1900,1445,0.6,1.2,0.9,0.4,5.1,2.7,NA,NA,NA,3,3,3,4,7,6
2022,GROUND WATER QUALITY OF RAJASTHAN,NEAR RANA PRATAP NAGAR- RAILWAYSTATION- UDAIPUR,RAJASTHAN,26,29,28,NA,NA,NA,7.1,8.3,7.7,1790,3000,2395,0.2,0.5,0.3,0.5,10,5.2,NA,NA,NA,3,3,3,4,4,4
2023,GROUND WATER QUALITY OF RAJASTHAN,HOTEL ORIENT PLACE- SUBHAS NAGAR- UDAIPUR,RAJASTHAN,24,29,27,NA,NA,NA,7.4,7.69,7.5,1900,3100,2500,1.5,1.7,1.6,0.2,6,3.1,NA,NA,NA,4,4,4,7,14,11
2024,GROUND WATER QUALITY OF RAJASTHAN,IN SIDE SHIV TEMPLE NEAR AIRFORCE STATION AMER ROAD- JAIPUR,RAJASTHAN,27,28,28,NA,NA,NA,7,8.29,7.7,2600,3600,3100,0.2,0.4,0.3,0.1,0.4,0.3,NA,NA,NA,4,4,4,14,14,14
2025,GROUND WATER QUALITY OF RAJASTHAN,NEAR SHREE KALYANESHWAR MAHADEV TEMPLE- JAI SINGH PURA KHURD- JAIPUR,RAJASTHAN,25,26,26,NA,NA,NA,6.9,8.51,7.7,2000,3200,2600,0.2,0.5,0.4,0.2,0.3,0.3,NA,NA,NA,3,3,3,4,28,16
2026,GROUND WATER QUALITY OF RAJASTHAN,NEAR FOJI NAGAR- KACCHI BASTI-AMBABARI- JAIPUR,RAJASTHAN,26,28,27,NA,NA,NA,7.7,8.56,8.1,640,760,700,0.1,0.4,0.3,0.1,0.3,0.2,NA,NA,NA,3,3,3,4,20,12
2027,GROUND WATER QUALITY OF RAJASTHAN,NEAR ABN CENTRAL ACADEMY- SUSILPURA- SODALA- JAIPUR,RAJASTHAN,27,27,27,NA,NA,NA,7.9,8.82,8.3,590,700,645,0.1,2,1,0.3,0.4,0.3,NA,NA,NA,4,4,4,14,14,14
2028,GROUND WATER QUALITY OF RAJASTHAN,NEAR SAMSHAN VISHWAKARMANAGAR- MAHARANIFARM- JAIPUR,RAJASTHAN,27,30,29,NA,NA,NA,7.8,8.58,8.2,630,850,740,0.5,1.6,1,0.3,0.5,0.4,NA,NA,NA,3,4,4,4,14,9
2029,GROUND WATER QUALITY OF RAJASTHAN,NEAR GANDHI BHWAN- AJMER,RAJASTHAN,24,26,25,NA,NA,NA,7.7,7.85,7.8,920,1320,1120,0.1,0.8,0.5,1.1,14,7.6,NA,NA,NA,3,7,5,9,1100,555
2030,GROUND WATER QUALITY OF RAJASTHAN,OPPOSITE PRIVATE BUS STAND- AJMER,RAJASTHAN,26,27,27,NA,NA,NA,7.3,7.5,7.4,1800,2700,2250,0.1,0.2,0.1,0.5,1,0.8,NA,NA,NA,3,4,4,4,28,16
2031,GROUND WATER QUALITY OF RAJASTHAN,NEAR 9 NO.PETROL PUMP- NEARADARSH NAGAR GATE- AJMER,RAJASTHAN,26,26,26,NA,NA,NA,7.8,7.86,7.8,910,1110,1010,0.2,0.2,0.2,1.8,14,7.9,NA,NA,NA,3,4,4,20,75,48
2032,GROUND WATER QUALITY OF RAJASTHAN,NEAR KHANPURA TALAB- AJMER,RAJASTHAN,26,27,27,NA,NA,NA,7.1,7.94,7.5,5100,5200,5150,0.2,0.6,0.4,0.5,0.6,0.5,NA,NA,NA,3,4,4,9,20,15
2033,GROUND WATER QUALITY OF RAJASTHAN,OUTSIDE JLN HOSPITAL- AJMER,RAJASTHAN,25,26,26,NA,NA,NA,7.2,7.37,7.3,2100,2200,2150,0.2,0.4,0.3,0.4,0.7,0.6,NA,NA,NA,4,7,6,9,1100,555
1736,GROUND WATER QUALITY OF UTTAR PRADESH,GW QUALITY STATION SARDARNAGAR,UTTAR PRADESH,24,24,24,NA,NA,NA,6.8,6.8,6.8,1216,1216,1216,1.8,1.8,1.8,3.2,3.2,3.2,1,1,1,40,40,40,120,120,120
1737,GROUND WATER QUALITY OF UTTAR PRADESH,GW QUALITY STATION CAPTANGANJ,UTTAR PRADESH,26,26,26,NA,NA,NA,6.8,6.8,6.8,916,916,916,4.4,4.4,4.4,NA,NA,NA,1.2,1.2,1.2,20,20,20,60,60,60
1738,GROUND WATER QUALITY OF UTTAR PRADESH,SITE 1- INDUSTRIAL AREA NEAR M/SWOODWARM CHEMICAL LTD.- UNNAO,UTTAR PRADESH,NA,NA,NA,NA,NA,NA,7.3,7.3,7.3,778,778,778,NA,NA,NA,NA,NA,NA,NA,NA,NA,NA,NA,NA,NA,NA,NA
1739,GROUND WATER QUALITY OF UTTAR PRADESH,SITE 2- INDUSTRIAL AREA NEAR M/SAMIN SONS- UNNAO-U.P,UTTAR PRADESH,NA,NA,NA,NA,NA,NA,6.7,6.7,6.7,1834,1834,1834,NA,NA,NA,NA,NA,NA,NA,NA,NA,NA,NA,NA,NA,NA,NA
1740,GROUND WATER QUALITY OF UTTAR PRADESH,AT ROADWAYS BUS STATION- UNNAO,UTTAR PRADESH,NA,NA,NA,NA,NA,NA,7.1,7.1,7.1,2782,2782,2782,NA,NA,NA,NA,NA,NA,NA,NA,NA,NA,NA,NA,NA,NA,NA
1741,GROUND WATER QUALITY OF UTTAR PRADESH,MAGAWARA INDUSTRIAL AREA NEARM/S JAMJAM TANNERS- UNNAO- U.P,UTTAR PRADESH,NA,NA,NA,NA,NA,NA,6.9,6.9,6.9,774,774,774,NA,NA,NA,NA,NA,NA,NA,NA,NA,NA,NA,NA,NA,NA,NA
1742,GROUND WATER QUALITY OF UTTAR PRADESH,CHINHAT INDUSTRIAL AREA IN LUCKNOW NEAR M/S INDIA PESTICIDES LUCKNOW,UTTAR PRADESH,22,22,22,NA,NA,NA,7.1,7.2,7.2,561,712,637,NA,NA,NA,7.6,7.6,7.6,0.1,0.1,0.1,NA,NA,NA,NA,NA,NA
1743,GROUND WATER QUALITY OF UTTAR PRADESH,AISHBAGH INDUSTRIAL AREA AT LUCKNOW NEAR M/S EVEREADY INDUSTRIES LTD.,UTTAR PRADESH,22,28,25,NA,NA,NA,6.9,7.2,7.1,1012,1024,1018,NA,NA,NA,11.4,11.4,11.4,0.1,0.1,0.1,NA,NA,NA,NA,NA,NA
1744,GROUND WATER QUALITY OF UTTAR PRADESH,JAJMAU INDL AREA No.6 KANPUR,UTTAR PRADESH,NA,NA,NA,NA,NA,NA,7.2,7.5,7.4,152,170,161,NA,NA,NA,NA,NA,NA,NA,NA,NA,NA,NA,NA,NA,NA,NA
1745,GROUND WATER QUALITY OF UTTAR PRADESH,PANKI INDUSTRIAL AREA NEARINDUSTRY OF AMMONIA FERTIZER KANPUR- U.P,UTTAR PRADESH,NA,NA,NA,NA,NA,NA,6.8,7.1,7,194,195,195,NA,NA,NA,NA,NA,NA,NA,NA,NA,NA,NA,NA,NA,NA,NA
1746,GROUND WATER QUALITY OF UTTAR PRADESH,NAGAR PALIKA TUBE WELL-SULTANPUR- U.P,UTTAR PRADESH,30,30,30,NA,NA,NA,7.5,7.5,7.5,1150,1150,1150,NA,NA,NA,NA,NA,NA,NA,NA,NA,0,0,0,0,0,0
1747,GROUND WATER QUALITY OF UTTAR PRADESH,INDIA MARKA HAND PUMP IN SAROWNIBLOCK AT RAIBAREILLY,UTTAR PRADESH,30,30,30,NA,NA,NA,7.5,7.5,7.5,740,740,740,NA,NA,NA,NA,NA,NA,0.1,0.1,0.1,0,0,0,0,0,0
1749,GROUND WATER QUALITY OF UTTAR PRADESH,TUBE WELL AT MEERUT CITY,UTTAR PRADESH,22,30,26,NA,NA,NA,7.8,7.8,7.8,750,756,753,0.4,0.4,0.4,NA,NA,NA,NA,NA,NA,0,0,0,11,16,13.5
1750,GROUND WATER QUALITY OF UTTAR PRADESH,TUBE WELL AT BAGPAT CITY,UTTAR PRADESH,22,29,26,NA,NA,NA,7.7,7.8,7.8,870,876,873,0.6,0.8,0.7,NA,NA,NA,NA,NA,NA,0,0,0,14,18,16
1751,GROUND WATER QUALITY OF UTTAR PRADESH,TUBE WELL IN INDUSTRIAL AREA ATGAJRAULA-MORADABAD- U.P,UTTAR PRADESH,29,29,29,NA,NA,NA,7.5,7.5,7.5,238,238,238,0.8,0.8,0.8,NA,NA,NA,NA,NA,NA,0,0,0,20,20,20
1752,GROUND WATER QUALITY OF UTTAR PRADESH,SAHIBABAD INDUSTRIAL AREA-GHAZIABAD- U.P,UTTAR PRADESH,NA,NA,NA,NA,NA,NA,7,7.4,7.2,3610,4191,3901,NA,NA,NA,NA,NA,NA,NA,NA,NA,NA,NA,NA,NA,NA,NA
1753,GROUND WATER QUALITY OF UTTAR PRADESH,MEERUT ROAD INDUSTRIAL AREAGHAZIABAD- U.P,UTTAR PRADESH,NA,NA,NA,NA,NA,NA,7.3,7.5,7.4,980,1305,1143,NA,NA,NA,NA,NA,NA,NA,NA,NA,NA,NA,NA,NA,NA,NA
1754,GROUND WATER QUALITY OF UTTAR PRADESH,HAPUR ROAD INDUSTRIAL AREAGHAZIABAD- U.P,UTTAR PRADESH,NA,NA,NA,NA,NA,NA,7,7.6,7.3,721,1065,893,NA,NA,NA,NA,NA,NA,NA,NA,NA,NA,NA,NA,NA,NA,NA
1755,GROUND WATER QUALITY OF UTTAR PRADESH,PILKHUA INDUSTRIAL AREAGHAZIABAD- U.P,UTTAR PRADESH,NA,NA,NA,NA,NA,NA,7,7.5,7.3,1282,2792,2037,NA,NA,NA,NA,NA,NA,NA,NA,NA,NA,NA,NA,NA,NA,NA
1756,GROUND WATER QUALITY OF UTTAR PRADESH,GOPIGANJ INDUSTRIAL AREABHADOHI- VARANASI- U.P,UTTAR PRADESH,NA,NA,NA,NA,NA,NA,7.5,7.5,7.5,NA,NA,NA,NA,NA,NA,NA,NA,NA,NA,NA,NA,NA,NA,NA,NA,NA,NA
1757,GROUND WATER QUALITY OF UTTAR PRADESH,MIRZAPUR INDUSTRIAL AREA- U.P,UTTAR PRADESH,25,25,25,NA,NA,NA,6.7,6.7,6.7,1745,1745,1745,NA,NA,NA,NA,NA,NA,NA,NA,NA,NA,NA,NA,NA,NA,NA
1758,GROUND WATER QUALITY OF UTTAR PRADESH,GROUND AROUND STPDINAPUR-VARANASI- U.P,UTTAR PRADESH,NA,NA,NA,NA,NA,NA,7.4,7.4,7.4,NA,NA,NA,NA,NA,NA,NA,NA,NA,NA,NA,NA,NA,NA,NA,NA,NA,NA
1759,GROUND WATER QUALITY OF UTTAR PRADESH,IFFCO- PHOOLPUR-ALLAHABAD- U.P,UTTAR PRADESH,26,27,27,NA,NA,NA,6.9,6.9,6.9,1254,6550,3902,NA,NA,NA,NA,NA,NA,NA,NA,NA,NA,NA,NA,NA,NA,NA
1760,GROUND WATER QUALITY OF UTTAR PRADESH,M/S KANORIA CHEMICAL SONBHADRA-U.P,UTTAR PRADESH,26,26,26,NA,NA,NA,6.3,6.3,6.3,1153,1153,1153,NA,NA,NA,NA,NA,NA,NA,NA,NA,NA,NA,NA,NA,NA,NA
1761,GROUND WATER QUALITY OF UTTAR PRADESH,TUBE WELL-SINGRAULI INDL AREA- U.P,UTTAR PRADESH,25,25,25,NA,NA,NA,6.8,6.8,6.8,788,788,788,NA,NA,NA,NA,NA,NA,NA,NA,NA,NA,NA,NA,NA,NA,NA
1644,GROUND WATER QUALITY OF ORISSA,JAGATPUR INDUSTRIAL AREA-CUTTACK ORISSA,ORISSA,24,24,24,NA,NA,NA,8.4,8.4,8.4,550,550,550,0.9,0.9,0.9,6.1,6.1,6.1,0.03,0.03,0.03,2,2,2,2,2,2
1645,GROUND WATER QUALITY OF ORISSA,MADHUPATNA- KALYAN NAGAR AREA-CUTTACK- ORISSA,ORISSA,24,24,24,NA,NA,NA,8.2,8.2,8.2,326,326,326,0.8,0.8,0.8,4.6,4.6,4.6,0.02,0.02,0.02,2,2,2,2,2,2
1646,GROUND WATER QUALITY OF ORISSA,BIDANASHI - TULASIPUR AREA-CUTTACK- ORISSA,ORISSA,25,25,25,NA,NA,NA,8,8,8,91,91,91,0.1,0.1,0.1,1.4,1.4,1.4,0.05,0.05,0.05,2,2,2,2,2,2
1647,GROUND WATER QUALITY OF ORISSA,BADAMBARI AREA- CUTTACK- ORISSA,ORISSA,24,24,24,NA,NA,NA,7.7,7.7,7.7,301,301,301,0.9,0.9,0.9,0.2,0.2,0.2,0,0,0,2,2,2,2,2,2
1648,GROUND WATER QUALITY OF ORISSA,RANIHAT- MANGALABAGH AREA-CUTTACK- ORISSA,ORISSA,24,24,24,NA,NA,NA,8.4,8.4,8.4,197,197,197,0.5,0.5,0.5,0.2,0.2,0.2,0,0,0,2,2,2,2,2,2
1649,GROUND WATER QUALITY OF ORISSA,KHANDAGIRI AREA- BHUBANESWAR-ORISSA,ORISSA,25,25,25,NA,NA,NA,6.7,6.7,6.7,234,234,234,1.6,1.6,1.6,10.1,10.1,10.1,0.14,0.14,0.14,2,2,2,2,2,2
1650,GROUND WATER QUALITY OF ORISSA,CAPITAL HOSPITAL AREA-BHUBANESWAR- ORISSA,ORISSA,24,24,24,NA,NA,NA,7.6,7.6,7.6,546,546,546,1.3,1.3,1.3,9.3,9.3,9.3,0.04,0.04,0.04,2,2,2,2,2,2
1651,GROUND WATER QUALITY OF ORISSA,OLD TOWN- SAMANTARAAIPUR AREA-BHUBANESWAR-ORISSA,ORISSA,25,25,25,NA,NA,NA,6.5,6.5,6.5,210,210,210,0.6,0.6,0.6,9.6,9.6,9.6,0.04,0.04,0.04,2,2,2,2,2,2
1652,GROUND WATER QUALITY OF ORISSA,KALPNA - LAXMINAGAR AREA-BHUBANESWAR- ORISSA,ORISSA,25,25,25,NA,NA,NA,6.7,6.7,6.7,296,296,296,0.5,0.5,0.5,9.8,9.8,9.8,0.08,0.08,0.08,2,2,2,2,2,2
1653,GROUND WATER QUALITY OF ORISSA,MANCHESWAR INDUSTRIAL AREA- BHUBANESWAR,ORISSA,25,25,25,NA,NA,NA,6.7,6.7,6.7,1147,1147,1147,0.7,0.7,0.7,35.1,35.1,35.1,0.43,0.43,0.43,2,2,2,2,2,2
1654,GROUND WATER QUALITY OF ORISSA,SECRETARIAT- GOVERNOR HOUSE-OLDBUS STAND AREA- BHUBANESWAR- ORISSA,ORISSA,24,24,24,NA,NA,NA,8,8,8,160,160,160,0.7,0.7,0.7,7.1,7.1,7.1,0.06,0.06,0.06,2,2,2,2,2,2
1655,GROUND WATER QUALITY OF ORISSA,NEAR SEA BEACH- PURI- ORISSA,ORISSA,24,24,24,NA,NA,NA,7.6,7.6,7.6,383,383,383,0.7,0.7,0.7,35.2,35.2,35.2,0.21,0.21,0.21,2,2,2,2,2,2
1656,GROUND WATER QUALITY OF ORISSA,NEAR JAGANNATH TEMPLE- PURI-ORISSA,ORISSA,25,25,25,NA,NA,NA,7.9,7.9,7.9,1020,1020,1020,0.2,0.2,0.2,14.8,14.8,14.8,0.12,0.12,0.12,2,2,2,2,2,2
1657,GROUND WATER QUALITY OF ORISSA,HOSPITAL - BUSSTAND- MAUSHIMATEMPLE AREA- PURI- ORISSA,ORISSA,25,25,25,NA,NA,NA,7.6,7.6,7.6,896,896,896,0.4,0.4,0.4,12.6,12.6,12.6,0.12,0.12,0.12,2,2,2,2,2,2
1658,GROUND WATER QUALITY OF ORISSA,NEAR RIVER KUSHABHADRA- PURI,ORISSA,24,24,24,NA,NA,NA,7.8,7.8,7.8,NA,NA,NA,NA,NA,NA,1.8,1.8,1.8,0,0,0,2,2,2,2,2,2
1825,GROUND WATER QUALITY OF BIHAR,PATNA,BIHAR,23,26,25,NA,NA,NA,7.2,7.7,7.5,582,665,624,NA,NA,NA,NA,NA,NA,NA,NA,NA,8,8,8,13,17,15
1826,GROUND WATER QUALITY OF BIHAR,PATNA,BIHAR,24,24,24,NA,NA,NA,7.6,7.6,7.6,352,352,352,NA,NA,NA,NA,NA,NA,NA,NA,NA,8,8,8,14,14,14
1827,GROUND WATER QUALITY OF BIHAR,PATNA,BIHAR,21,28,25,NA,NA,NA,7.2,7.7,7.5,525,716,621,NA,NA,NA,NA,NA,NA,NA,NA,NA,1,2,2,2,4,3
1828,GROUND WATER QUALITY OF BIHAR,PATNA,BIHAR,23,24,24,NA,NA,NA,7.4,7.8,7.6,521,784,653,NA,NA,NA,NA,NA,NA,NA,NA,NA,1,2,2,2,4,3
1829,GROUND WATER QUALITY OF BIHAR,PATNA,BIHAR,20,26,23,NA,NA,NA,7.4,7.7,7.6,581,945,763,NA,NA,NA,0.5,0.5,0.5,NA,NA,NA,2,4,3,4,7,6
1830,GROUND WATER QUALITY OF BIHAR,MUZAFFARPUR,BIHAR,24,27,26,NA,NA,NA,7.9,8,8,846,954,900,NA,NA,NA,0.9,0.9,0.9,NA,NA,NA,2,7,5,4,11,8
1831,GROUND WATER QUALITY OF BIHAR,MUZAFFARPUR,BIHAR,24,27,26,NA,NA,NA,8,8.1,8.1,850,915,883,NA,NA,NA,1,1,1,NA,NA,NA,1,4,3,2,7,5
1832,GROUND WATER QUALITY OF BIHAR,BEGUSARAI,BIHAR,22,24,23,NA,NA,NA,8.2,8.2,8.2,568,568,568,NA,NA,NA,0.1,0.1,0.1,NA,NA,NA,4,7,6,11,17,14
1833,GROUND WATER QUALITY OF BIHAR,BEGUSARAI,BIHAR,22,23,23,NA,NA,NA,8.4,8.4,8.4,452,468,460,NA,NA,NA,0.9,0.9,0.9,NA,NA,NA,8,8,8,14,14,14
1834,GROUND WATER QUALITY OF BIHAR,PURNEA,BIHAR,21,29,25,NA,NA,NA,7.8,7.8,7.8,362,371,367,NA,NA,NA,1.2,1.2,1.2,NA,NA,NA,8,8,8,14,22,18
1835,GROUND WATER QUALITY OF BIHAR,PURNEA,BIHAR,22,28,25,NA,NA,NA,7.8,7.9,7.9,362,376,369,NA,NA,NA,1.8,1.8,1.8,NA,NA,NA,13,13,13,17,23,20
1836,GROUND WATER QUALITY OF BIHAR,BEGUSARAI,BIHAR,22,24,23,NA,NA,NA,7.5,7.8,7.7,472,489,481,NA,NA,NA,2,2,2,NA,NA,NA,4,8,6,13,13,13
1837,GROUND WATER QUALITY OF BIHAR,BEGUSARAI,BIHAR,23,25,24,NA,NA,NA,7.9,8.1,8,424,432,428,NA,NA,NA,0.8,0.8,0.8,NA,NA,NA,11,11,11,21,21,21
1838,GROUND WATER QUALITY OF BIHAR,MUNGER,BIHAR,21,26,24,NA,NA,NA,7.6,7.6,7.6,458,466,462,NA,NA,NA,1.8,1.8,1.8,NA,NA,NA,8,8,8,13,14,14
1839,GROUND WATER QUALITY OF BIHAR,MUNGER,BIHAR,22,25,24,NA,NA,NA,8,8.4,8.4,438,442,440,NA,NA,NA,1.6,1.6,1.6,NA,NA,NA,2,4,3,4,7,6
1840,GROUND WATER QUALITY OF BIHAR,MOTIHARI,BIHAR,25,25,25,NA,NA,NA,8,8,8,486,486,486,NA,NA,NA,NA,NA,NA,NA,NA,NA,2,2,2,4,4,4
1841,GROUND WATER QUALITY OF BIHAR,GAYA,BIHAR,23,26,25,NA,NA,NA,8,8,8,756,868,812,NA,NA,NA,1.9,1.9,1.9,NA,NA,NA,11,11,11,22,26,24
1842,GROUND WATER QUALITY OF BIHAR,GAYA-,BIHAR,24,27,26,NA,NA,NA,8.1,8.1,8.1,504,536,520,NA,NA,NA,1.8,1.8,1.8,NA,NA,NA,1,2,2,2,7,5
1843,GROUND WATER QUALITY OF BIHAR,RAJGIR,BIHAR,25,28,27,NA,NA,NA,8.1,8.2,8.2,548,552,550,NA,NA,NA,2.1,2.1,2.1,NA,NA,NA,8,9,9,17,21,19
1844,GROUND WATER QUALITY OF BIHAR,CHAPRA,BIHAR,26,26,26,NA,NA,NA,7.2,8.2,7.7,378,416,397,NA,NA,NA,1.8,1.8,1.8,NA,NA,NA,1,2,2,2,4,3
1766,GROUND WATER QUALITY OF WEST BENGAL,MINE PIT WATER ASSANSOL- WESTBENGAL,WEST BENGAL,32,32,32,NA,NA,NA,8.1,8.4,8.3,747,775,761,1.1,3,2.1,0.4,0.4,0.4,NA,NA,NA,4,900,452,8,1600,804
1767,GROUND WATER QUALITY OF WEST BENGAL,DURGAPUR TOWN-NEAR IISCO-BURDWAN- WEST BENGAL,WEST BENGAL,33,33,33,NA,NA,NA,7.4,7.7,7.6,984,988,986,0.2,1,0.6,0.3,0.5,0.4,NA,NA,NA,9,14,12,33,34,34
1768,GROUND WATER QUALITY OF WEST BENGAL,DURGAPUR TOWN- BURDWAN- WESTBENGAL,WEST BENGAL,28,33,31,NA,NA,NA,6.8,7.7,7.3,512,976,744,0,0.2,0.1,0.7,11.1,5.9,NA,NA,NA,0,8,4,0,13,7
1769,GROUND WATER QUALITY OF WEST BENGAL,INSIDE HINDUSTAN LIVER FACTORY-HALDIA- WEST BENGAL,WEST BENGAL,30,34,32,NA,NA,NA,7.3,7.4,7.4,2160,2180,2170,0,1.3,0.7,0.1,0.1,0.1,NA,NA,NA,0,0,0,0,0,0
1770,GROUND WATER QUALITY OF WEST BENGAL,NEAR IOC REFINERY HALDIA- WESTBENGAL,WEST BENGAL,33,34,33,NA,NA,NA,7.3,7.6,7.5,1646,1838,1742,0.2,0.9,0.6,0.1,0.1,0.1,NA,NA,NA,0,0,0,0,0,0
1771,GROUND WATER QUALITY OF WEST BENGAL,KALYANI INDUSTRIAL AREA- NADIA-WEST BENGAL,WEST BENGAL,28,29,28,NA,NA,NA,7.7,7.9,7.8,584,650,617,0.7,0.8,0.8,0.1,0.1,0.1,NA,NA,NA,0,0,0,0,0,0
1772,GROUND WATER QUALITY OF WEST BENGAL,BARSAT MUNICIPALITY NORTH 24-P-WEST BENGAL,WEST BENGAL,28,29,28,NA,NA,NA,7.4,7.6,7.5,753,1069,911,0.4,0.8,0.6,0.1,0.1,0.1,NA,NA,NA,0,0,0,0,0,0
1773,GROUND WATER QUALITY OF WEST BENGAL,TANGRA- CALCUTTA -WEST BENGAL,WEST BENGAL,28,32,30,NA,NA,NA,7.5,7.9,7.7,1933,2130,2032,1,1.1,1.1,0.1,0.1,0.1,NA,NA,NA,0,2,1,0,4,2
1774,GROUND WATER QUALITY OF WEST BENGAL,TOPSIA CALCUTTA- WEST BENGAL,WEST BENGAL,27,28,28,NA,NA,NA,7.7,8.1,7.9,1690,1801,1746,0.4,1,0.7,0.1,0.1,0.1,NA,NA,NA,0,8,4,0,13,7
1775,GROUND WATER QUALITY OF WEST BENGAL,DHAPA CALCUTTA- WEST BENGAL,WEST BENGAL,28,30,29,NA,NA,NA,7.3,8.2,7.8,1725,1760,1743,0.9,1.6,1.3,0.1,0.1,0.1,NA,NA,NA,2,2,2,4,4,4
1776,GROUND WATER QUALITY OF WEST BENGAL,GARIA CALCUTTA- WEST BENGAL,WEST BENGAL,27,29,28,NA,NA,NA,7.4,8.5,8,977,1020,999,0.4,1.2,0.8,0.1,0.1,0.1,NA,NA,NA,0,4,2,0,8,4
1777,GROUND WATER QUALITY OF WEST BENGAL,BEHALA CALCUTTA- WEST BENGAL,WEST BENGAL,29,30,30,NA,NA,NA,7.8,8.4,8.1,988,1002,995,1,1.2,1.1,0.1,0.1,0.1,NA,NA,NA,2,2,2,4,8,6
1778,GROUND WATER QUALITY OF WEST BENGAL,DOMJUR HOWRAH- WEST BENGAL,WEST BENGAL,27,29,28,NA,NA,NA,7.3,7.8,7.6,997,1120,1059,0.8,1,0.9,0.1,0.1,0.1,NA,NA,NA,0,0,0,0,0,0
1779,GROUND WATER QUALITY OF WEST BENGAL,DANKUNI (NEAR COAL COMPLEX)- WEST BENGAL,WEST BENGAL,28,29,29,NA,NA,NA,7.1,7.7,7.4,990,993,992,0.4,0.9,0.7,0.1,0.1,0.1,NA,NA,NA,0,0,0,0,0,0
1931,GROUND WATER QUALITY OF WEST BENGAL,COSSIPORE - NORTH KOLKATA,WEST BENGAL,28,30,29,NA,NA,NA,7.9,8.1,8,2380,2420,2400,0.8,2.2,1.5,0.1,0.1,0.1,NA,NA,NA,14,220,117,17,280,149
1932,GROUND WATER QUALITY OF WEST BENGAL,CENTRAL KOLKATA,WEST BENGAL,28,28,28,NA,NA,NA,7.9,8,8,898,1944,1421,0.7,2.3,1.5,0.1,0.1,0.1,NA,NA,NA,0,4,2,2,13,8
1933,GROUND WATER QUALITY OF WEST BENGAL,NEAR GALVANISATION UNIT- HOWRAH,WEST BENGAL,27,28,28,NA,NA,NA,7.7,7.9,7.8,1194,1303,1249,0.2,2.3,1.3,0.1,0.1,0.1,NA,NA,NA,0,0,0,0,0,0
1934,GROUND WATER QUALITY OF WEST BENGAL,CENTRAL HOWRAH-RESIDENTAILAREA,WEST BENGAL,27,28,28,NA,NA,NA,7.8,7.9,7.9,2370,2470,2420,0.8,1.9,1.4,0.1,0.1,0.1,NA,NA,NA,0,2,1,0,4,2
1935,GROUND WATER QUALITY OF WEST BENGAL,INSIDE KOLKATA LEATHER COMPLEX,WEST BENGAL,29,30,29,NA,NA,NA,7.8,8.1,8,1373,1534,1454,0.4,1.1,0.8,0.1,0.1,0.1,NA,NA,NA,0,0,0,0,0,0
1936,GROUND WATER QUALITY OF WEST BENGAL,RESIDENTIAL AREA - SONARPUR,WEST BENGAL,23,27,25,NA,NA,NA,7.7,8.3,8,1325,1921,1623,0.4,2,1.2,0.1,0.1,0.1,NA,NA,NA,0,0,0,0,0,0
1937,GROUND WATER QUALITY OF WEST BENGAL,RAJARHAT - NEW TOWNSHIP,WEST BENGAL,27,29,28,NA,NA,NA,7.7,7.7,7.7,2070,2250,2160,0.8,1.7,1.3,0.1,0.1,0.1,NA,NA,NA,0,2,1,0,4,2
1938,GROUND WATER QUALITY OF WEST BENGAL,BSIRHAT MUNICIPALITY,WEST BENGAL,28,32,30,NA,NA,NA,8.5,8.5,8.5,2070,2100,2085,0.4,0.6,0.5,0.1,0.1,0.1,NA,NA,NA,0,0,0,0,0,0
1939,GROUND WATER QUALITY OF WEST BENGAL,BARRAKPORE MUNICIPALITY,WEST BENGAL,28,28,28,NA,NA,NA,7.8,8,7.9,386,456,421,0.1,0.2,0.2,0.1,0.1,0.1,NA,NA,NA,0,0,0,0,0,0
1940,GROUND WATER QUALITY OF WEST BENGAL,NEAR THE PHOSPHATE COMPANY-RISHRA,WEST BENGAL,29,30,30,NA,NA,NA,7.2,7.9,7.6,757,771,764,0.6,0.9,0.8,0.1,0.1,0.1,NA,NA,NA,0,0,0,0,0,0
1941,GROUND WATER QUALITY OF WEST BENGAL,NEAR FLY ASH DUMPING SITE-KUNTIGHAT- BANDEL,WEST BENGAL,28,28,28,NA,NA,NA,7.4,7.7,7.6,461,469,465,0.6,0.9,0.8,0.1,0.1,0.1,NA,NA,NA,0,0,0,0,0,0
1942,GROUND WATER QUALITY OF WEST BENGAL,NEAR EXIDE INDUSTRIES-HALDIA,WEST BENGAL,31,33,32,NA,NA,NA,7.3,7.4,7.4,1648,1675,1662,0.2,1.1,0.7,0.1,0.1,0.1,NA,NA,NA,0,0,0,0,0,0
1943,GROUND WATER QUALITY OF WEST BENGAL,INSIDE TATA METALIKS- KHARAGPUR,WEST BENGAL,30,31,31,NA,NA,NA,7.8,7.8,7.8,635,637,636,1.4,1.4,1.4,0.1,0.1,0.1,NA,NA,NA,0,0,0,0,0,0
1944,GROUND WATER QUALITY OF WEST BENGAL,KHARAGPUR INDUSTRIAL AREA,WEST BENGAL,29,30,30,NA,NA,NA,7.3,7.6,7.5,133,141,137,0.5,1.3,0.9,0.1,0.1,0.1,NA,NA,NA,0,0,0,0,0,0
1945,GROUND WATER QUALITY OF WEST BENGAL,ENGLISH BAZAR- MALDAH,WEST BENGAL,29,29,29,NA,NA,NA,7.9,8,8,490,606,548,0.2,1.5,0.9,0.1,0.1,0.1,NA,NA,NA,0,0,0,0,0,0
